-- MySQL dump 10.13  Distrib 8.0.23, for Linux (x86_64)
--
-- Host: localhost    Database: vk
-- ------------------------------------------------------
-- Server version	8.0.23-0ubuntu0.20.04.1

/*!40101 SET @OLD_CHARACTER_SET_CLIENT=@@CHARACTER_SET_CLIENT */;
/*!40101 SET @OLD_CHARACTER_SET_RESULTS=@@CHARACTER_SET_RESULTS */;
/*!40101 SET @OLD_COLLATION_CONNECTION=@@COLLATION_CONNECTION */;
/*!50503 SET NAMES utf8mb4 */;
/*!40103 SET @OLD_TIME_ZONE=@@TIME_ZONE */;
/*!40103 SET TIME_ZONE='+00:00' */;
/*!40014 SET @OLD_UNIQUE_CHECKS=@@UNIQUE_CHECKS, UNIQUE_CHECKS=0 */;
/*!40014 SET @OLD_FOREIGN_KEY_CHECKS=@@FOREIGN_KEY_CHECKS, FOREIGN_KEY_CHECKS=0 */;
/*!40101 SET @OLD_SQL_MODE=@@SQL_MODE, SQL_MODE='NO_AUTO_VALUE_ON_ZERO' */;
/*!40111 SET @OLD_SQL_NOTES=@@SQL_NOTES, SQL_NOTES=0 */;

--
-- Table structure for table `communities`
--

DROP TABLE IF EXISTS `communities`;
/*!40101 SET @saved_cs_client     = @@character_set_client */;
/*!50503 SET character_set_client = utf8mb4 */;
CREATE TABLE `communities` (
  `id` int unsigned NOT NULL AUTO_INCREMENT COMMENT 'Идентификатор сроки',
  `name` varchar(150) CHARACTER SET utf8mb4 COLLATE utf8mb4_unicode_ci NOT NULL COMMENT 'Название группы',
  `created_at` datetime DEFAULT CURRENT_TIMESTAMP COMMENT 'Время создания строки',
  `updated_at` datetime DEFAULT CURRENT_TIMESTAMP ON UPDATE CURRENT_TIMESTAMP COMMENT 'Время обновления строки',
  PRIMARY KEY (`id`),
  UNIQUE KEY `name` (`name`)
) ENGINE=InnoDB AUTO_INCREMENT=21 DEFAULT CHARSET=utf8mb4 COLLATE=utf8mb4_unicode_ci COMMENT='Группы';
/*!40101 SET character_set_client = @saved_cs_client */;

--
-- Dumping data for table `communities`
--

LOCK TABLES `communities` WRITE;
/*!40000 ALTER TABLE `communities` DISABLE KEYS */;
INSERT INTO `communities` VALUES (1,'sit','1987-03-07 12:46:57','1987-10-25 14:57:27'),(2,'corporis','1973-07-15 21:55:02','1996-08-25 06:14:10'),(3,'harum','2010-06-03 22:58:53','2015-05-14 11:52:25'),(4,'consequatur','2004-05-07 01:55:31','2003-12-19 03:15:48'),(5,'fugit','1996-04-26 07:32:55','1974-05-24 19:10:19'),(6,'culpa','1997-12-09 09:19:15','2008-09-06 09:57:25'),(7,'porro','1990-02-11 14:22:54','1973-02-26 04:17:18'),(8,'repudiandae','1994-07-19 18:17:04','1997-07-22 08:13:04'),(9,'doloremque','2007-04-27 08:39:56','1977-09-12 00:52:54'),(10,'quam','1999-05-10 09:52:14','2005-01-10 03:11:50'),(11,'asperiores','1976-06-13 11:29:32','2007-05-13 08:09:18'),(12,'rem','2006-11-15 11:44:01','1982-11-02 11:27:41'),(13,'voluptatibus','1987-12-19 08:15:00','1990-07-08 20:40:18'),(14,'facilis','1993-08-18 22:27:52','1975-08-13 00:29:01'),(15,'est','2016-05-02 14:34:26','1994-03-29 20:14:40'),(16,'eligendi','1980-11-02 21:55:54','1984-01-03 05:00:39'),(17,'odit','1971-07-05 10:07:15','1995-12-07 21:40:32'),(18,'eveniet','2004-02-20 21:36:17','2001-02-27 14:00:54'),(19,'aut','1995-10-30 17:38:32','2000-07-10 05:56:53'),(20,'et','2020-08-25 10:37:19','1975-04-02 05:10:09');
/*!40000 ALTER TABLE `communities` ENABLE KEYS */;
UNLOCK TABLES;

--
-- Table structure for table `communities_users`
--

DROP TABLE IF EXISTS `communities_users`;
/*!40101 SET @saved_cs_client     = @@character_set_client */;
/*!50503 SET character_set_client = utf8mb4 */;
CREATE TABLE `communities_users` (
  `community_id` int unsigned NOT NULL COMMENT 'Ссылка на группу',
  `user_id` int unsigned NOT NULL COMMENT 'Ссылка на пользователя',
  `created_at` datetime DEFAULT CURRENT_TIMESTAMP COMMENT 'Время создания строки',
  PRIMARY KEY (`community_id`,`user_id`) COMMENT 'Составной первичный ключ',
  KEY `communities_users_fk_user_id` (`user_id`),
  CONSTRAINT `comm_users_fk_comm_id` FOREIGN KEY (`community_id`) REFERENCES `communities` (`id`),
  CONSTRAINT `comm_users_fk_user_id` FOREIGN KEY (`user_id`) REFERENCES `users` (`id`),
  CONSTRAINT `communities_users_fk_community_id` FOREIGN KEY (`community_id`) REFERENCES `communities` (`id`),
  CONSTRAINT `communities_users_fk_user_id` FOREIGN KEY (`user_id`) REFERENCES `users` (`id`)
) ENGINE=InnoDB DEFAULT CHARSET=utf8mb4 COLLATE=utf8mb4_unicode_ci COMMENT='Участники групп, связь между пользователями и группами';
/*!40101 SET character_set_client = @saved_cs_client */;

--
-- Dumping data for table `communities_users`
--

LOCK TABLES `communities_users` WRITE;
/*!40000 ALTER TABLE `communities_users` DISABLE KEYS */;
INSERT INTO `communities_users` VALUES (1,1,'2019-02-03 12:06:35'),(1,21,'1993-09-18 02:32:55'),(1,41,'2001-09-19 06:01:12'),(1,61,'1974-05-05 07:35:25'),(1,81,'1970-03-27 23:35:22'),(2,2,'2000-12-09 00:26:38'),(2,22,'2010-12-11 01:28:54'),(2,42,'1987-04-01 22:37:31'),(2,62,'2001-11-30 11:41:56'),(2,82,'2005-08-04 06:55:00'),(3,3,'2019-02-17 03:23:44'),(3,23,'1996-06-19 14:07:11'),(3,43,'1970-05-26 19:42:02'),(3,63,'2005-03-17 17:57:14'),(3,83,'1993-08-14 04:54:49'),(4,4,'1985-12-24 02:38:37'),(4,24,'1983-04-10 01:03:04'),(4,44,'2011-02-24 13:38:36'),(4,64,'1972-12-27 02:31:47'),(4,84,'2009-08-15 13:42:12'),(5,5,'1972-08-09 01:12:59'),(5,25,'2017-01-02 00:29:12'),(5,45,'2016-10-31 08:38:08'),(5,65,'1993-10-29 20:29:23'),(5,85,'2007-07-15 07:11:41'),(6,6,'1985-10-06 20:16:28'),(6,26,'2004-06-20 19:33:45'),(6,46,'2005-06-03 21:41:56'),(6,66,'1976-01-06 15:21:40'),(6,86,'1970-02-04 08:37:54'),(7,7,'2004-05-09 07:02:12'),(7,27,'2010-09-29 22:33:24'),(7,47,'2001-04-09 15:48:59'),(7,67,'1999-03-04 05:46:37'),(7,87,'1987-04-16 05:59:16'),(8,8,'1986-12-21 14:00:19'),(8,28,'2019-03-18 06:55:50'),(8,48,'2013-01-27 12:10:19'),(8,68,'1981-10-30 15:40:15'),(8,88,'2018-04-17 19:06:15'),(9,9,'1973-04-06 19:44:42'),(9,29,'2000-04-29 00:32:53'),(9,49,'2014-10-07 03:33:09'),(9,69,'1989-02-23 17:56:42'),(9,89,'1978-08-07 16:19:07'),(10,10,'1988-11-05 07:26:57'),(10,30,'1971-07-10 03:49:35'),(10,50,'2008-02-06 17:48:22'),(10,70,'2020-06-07 21:49:39'),(10,90,'2005-01-15 01:54:24'),(11,11,'1970-01-03 18:05:05'),(11,31,'1990-12-07 02:43:37'),(11,51,'1995-12-16 20:14:55'),(11,71,'2002-02-11 17:43:11'),(11,91,'1990-07-23 05:33:37'),(12,12,'1982-05-16 10:16:08'),(12,32,'2007-05-18 20:09:18'),(12,52,'2015-02-20 12:23:20'),(12,72,'2006-05-17 03:02:09'),(12,92,'2018-11-10 04:57:46'),(13,13,'2001-01-22 01:10:47'),(13,33,'1980-07-19 18:58:43'),(13,53,'1995-09-22 12:39:28'),(13,73,'1973-10-18 04:35:59'),(13,93,'1983-05-26 15:25:11'),(14,14,'2014-06-24 20:54:11'),(14,34,'2015-05-22 19:25:49'),(14,54,'2017-11-26 00:34:47'),(14,74,'2017-07-28 15:46:18'),(14,94,'1971-06-28 22:04:10'),(15,15,'1976-07-02 01:24:40'),(15,35,'1979-09-29 12:01:11'),(15,55,'1985-06-29 00:09:53'),(15,75,'1973-08-22 13:44:56'),(15,95,'2013-01-17 22:30:11'),(16,16,'1984-05-24 05:27:52'),(16,36,'2020-03-12 00:49:39'),(16,56,'2005-04-07 05:25:44'),(16,76,'2000-07-16 18:28:43'),(16,96,'2004-10-16 15:35:36'),(17,17,'1990-11-08 05:17:34'),(17,37,'1973-12-18 05:20:24'),(17,57,'1991-01-11 10:49:07'),(17,77,'2016-07-19 14:28:38'),(17,97,'2020-03-21 07:03:14'),(18,18,'1987-10-21 18:22:51'),(18,38,'1986-03-18 16:42:18'),(18,58,'1989-05-04 16:00:36'),(18,78,'2003-11-17 07:32:41'),(18,98,'1993-07-27 04:12:30'),(19,19,'1979-09-01 11:42:56'),(19,39,'1994-12-14 09:21:34'),(19,59,'2010-01-06 00:42:39'),(19,79,'2012-09-12 07:38:46'),(19,99,'2001-05-28 19:07:11'),(20,20,'1981-11-20 01:55:45'),(20,40,'1993-08-19 15:41:58'),(20,60,'1979-06-18 02:48:16'),(20,80,'2013-05-16 01:59:54'),(20,100,'1971-08-25 16:29:34');
/*!40000 ALTER TABLE `communities_users` ENABLE KEYS */;
UNLOCK TABLES;

--
-- Table structure for table `friendship`
--

DROP TABLE IF EXISTS `friendship`;
/*!40101 SET @saved_cs_client     = @@character_set_client */;
/*!50503 SET character_set_client = utf8mb4 */;
CREATE TABLE `friendship` (
  `user_id` int unsigned NOT NULL COMMENT 'Ссылка на инициатора дружеских отношений',
  `friend_id` int unsigned NOT NULL COMMENT 'Ссылка на получателя приглашения дружить',
  `status_id` int unsigned NOT NULL COMMENT 'Ссылка на статус (текущее состояние) отношений',
  `requested_at` datetime DEFAULT CURRENT_TIMESTAMP COMMENT 'Время отправления приглашения дружить',
  `confirmed_at` datetime DEFAULT NULL COMMENT 'Время подтверждения приглашения',
  `created_at` datetime DEFAULT CURRENT_TIMESTAMP COMMENT 'Время создания строки',
  `updated_at` datetime DEFAULT CURRENT_TIMESTAMP ON UPDATE CURRENT_TIMESTAMP COMMENT 'Время обновления строки',
  PRIMARY KEY (`user_id`,`friend_id`) COMMENT 'Составной первичный ключ',
  KEY `friendship_fk_friend_id` (`friend_id`),
  KEY `friendship_fk_status_id` (`status_id`),
  CONSTRAINT `friendship_fk_friend_id` FOREIGN KEY (`friend_id`) REFERENCES `users` (`id`),
  CONSTRAINT `friendship_fk_status_id` FOREIGN KEY (`status_id`) REFERENCES `friendship_statuses` (`id`),
  CONSTRAINT `friendship_fk_user_id` FOREIGN KEY (`user_id`) REFERENCES `users` (`id`)
) ENGINE=InnoDB DEFAULT CHARSET=utf8mb4 COLLATE=utf8mb4_unicode_ci COMMENT='Таблица дружбы';
/*!40101 SET character_set_client = @saved_cs_client */;

--
-- Dumping data for table `friendship`
--

LOCK TABLES `friendship` WRITE;
/*!40000 ALTER TABLE `friendship` DISABLE KEYS */;
INSERT INTO `friendship` VALUES (1,98,2,'1996-06-03 07:02:43','2012-02-06 04:01:18','2015-06-19 12:35:08','2021-03-22 22:07:30'),(2,20,3,'1996-07-06 05:20:22','2000-12-13 12:07:43','2004-04-30 17:07:24','2021-03-22 22:07:30'),(3,4,1,'1981-04-02 03:29:05','1989-12-25 13:56:28','1995-09-03 16:07:40','2021-03-22 22:07:30'),(4,46,3,'2008-03-16 17:44:44','1974-12-27 17:59:45','2015-01-07 06:01:09','2021-03-22 22:07:30'),(5,19,1,'1985-07-28 15:25:41','1981-11-01 18:30:14','2012-09-12 20:12:02','2021-03-22 22:07:30'),(6,95,2,'2017-03-22 12:41:26','1970-05-15 18:31:09','2009-12-02 17:23:01','2021-03-22 22:07:30'),(7,63,3,'2004-10-03 18:22:55','1987-05-27 13:52:00','2016-02-23 06:46:45','2021-03-22 22:07:30'),(8,88,3,'2019-01-31 09:25:24','1972-08-06 10:33:53','2019-05-16 07:09:14','2021-03-22 22:07:25'),(9,26,2,'1972-11-25 18:38:47','1974-02-11 23:39:30','2014-12-19 08:05:28','2021-03-22 22:07:30'),(10,77,3,'1996-05-16 17:25:44','2000-08-02 18:32:43','2004-09-22 13:14:33','2021-03-22 22:07:30'),(11,88,1,'1989-11-24 15:46:12','2016-01-16 06:48:40','1991-10-25 03:18:46','2021-03-22 22:07:25'),(12,14,2,'2003-01-10 09:25:14','1975-08-11 05:11:47','1977-12-16 22:17:18','2021-03-22 22:07:25'),(13,78,1,'1979-01-29 16:43:43','2019-08-25 04:41:10','2010-01-05 20:23:47','2021-03-22 22:07:30'),(14,74,2,'1972-05-24 03:14:57','1973-08-28 05:15:15','1980-07-17 10:06:35','2021-03-22 22:07:30'),(15,80,2,'1996-07-04 00:36:21','1992-08-27 08:23:10','1984-11-07 14:20:13','2021-03-22 22:07:30'),(16,13,1,'2014-01-20 21:05:17','1985-01-22 06:17:52','1977-07-24 05:25:07','2021-03-22 22:07:25'),(17,64,3,'1980-09-24 23:26:22','1982-07-15 12:49:27','1984-01-16 09:22:49','2021-03-22 22:07:30'),(18,90,2,'1993-02-23 16:13:18','1977-08-06 04:46:08','2018-12-16 18:58:50','2021-03-22 22:07:30'),(19,24,3,'1981-02-27 00:35:09','2004-11-28 19:31:13','2004-07-19 07:06:52','2021-03-22 22:07:30'),(20,62,2,'2010-11-05 21:02:58','2001-12-02 11:25:37','2014-02-19 23:42:19','2021-03-22 22:07:30'),(21,9,3,'2008-12-09 18:19:08','2020-06-15 20:34:14','2015-04-22 09:19:38','2021-03-22 22:07:30'),(22,23,1,'2003-10-15 07:20:32','2012-03-25 13:18:34','1984-07-23 03:52:14','2021-03-22 22:07:30'),(23,27,1,'2003-06-22 22:34:16','1976-06-16 15:22:11','1976-12-10 13:56:11','2021-03-22 22:07:30'),(24,38,3,'1974-12-12 11:45:41','2018-11-20 01:44:45','1973-01-05 10:32:58','2021-03-22 22:07:30'),(25,57,1,'1975-07-08 01:25:47','2008-10-01 15:41:51','2013-08-23 05:15:37','2021-03-22 22:07:30'),(26,2,1,'1982-12-20 08:31:10','2020-05-14 07:08:09','1995-12-20 11:45:29','2021-03-22 22:07:25'),(27,39,2,'2010-10-14 03:37:43','2018-11-13 19:18:37','2017-12-13 04:24:29','2021-03-22 22:07:25'),(28,71,2,'1980-11-23 15:54:44','1971-06-09 08:32:28','1984-03-30 01:34:09','2021-03-22 22:07:30'),(29,11,1,'2002-03-26 04:06:12','1972-10-22 23:56:23','1992-10-02 20:31:58','2021-03-22 22:07:30'),(30,23,1,'1982-08-09 15:11:58','2013-02-04 11:50:54','1986-07-09 16:30:42','2021-03-22 22:07:30'),(31,23,1,'1970-06-18 08:33:04','1997-09-10 18:41:28','1976-11-24 14:21:49','2021-03-22 22:07:25'),(32,91,3,'2019-06-06 21:31:05','2010-03-11 18:50:59','2016-04-22 12:08:11','2021-03-22 22:07:30'),(33,36,2,'1979-09-01 18:25:35','1973-07-29 02:15:21','2002-08-03 00:46:19','2021-03-22 22:07:30'),(34,18,1,'2018-08-27 21:54:30','1994-05-26 00:23:11','1975-09-19 14:08:49','2021-03-22 22:07:30'),(35,86,3,'2019-03-05 07:58:34','1975-05-12 21:36:51','2020-06-01 16:17:52','2021-03-22 22:07:30'),(36,88,3,'1976-05-12 14:20:00','1993-10-15 11:34:41','1990-02-14 16:44:09','2021-03-22 22:07:30'),(37,12,3,'1986-06-14 06:22:09','1983-09-09 04:37:47','2020-09-27 20:27:01','2021-03-22 22:07:30'),(38,12,3,'1973-12-24 08:38:23','1979-08-13 16:41:16','1996-10-12 23:39:05','2021-03-22 22:07:25'),(39,100,1,'1990-05-08 01:23:12','2016-04-30 19:02:21','1984-07-10 13:42:06','2021-03-22 22:07:30'),(40,82,1,'1998-04-03 15:00:19','1992-09-18 05:39:55','1972-10-04 07:19:12','2021-03-22 22:07:30'),(41,16,2,'2000-08-18 10:20:58','2008-05-28 23:32:44','1998-12-25 20:42:07','2021-03-22 22:07:30'),(42,55,1,'2009-12-01 00:17:51','1997-02-17 09:50:28','2006-10-07 10:11:26','2021-03-22 22:07:30'),(43,16,3,'1978-12-29 05:44:42','2010-04-01 11:33:04','2019-10-31 22:41:08','2021-03-22 22:07:25'),(44,12,3,'1995-03-30 09:04:19','1979-03-20 22:19:58','2005-10-27 01:20:00','2021-03-22 22:07:30'),(45,22,2,'2011-12-04 23:04:42','1994-04-08 22:44:37','2013-02-19 16:12:23','2021-03-22 22:07:30'),(46,44,1,'2019-10-05 04:51:11','2019-07-13 05:09:05','1991-04-27 13:26:29','2021-03-22 22:07:25'),(47,56,1,'1987-06-09 00:38:58','1991-10-08 12:19:07','1995-12-12 01:00:23','2021-03-22 22:07:30'),(48,52,3,'2018-09-06 10:55:28','1982-08-19 15:49:26','1995-10-27 12:13:04','2021-03-22 22:07:25'),(49,92,2,'1996-05-24 23:42:33','1993-04-22 10:59:35','2015-10-29 02:24:38','2021-03-22 22:07:30'),(50,91,2,'1976-08-14 14:38:32','1970-10-24 09:19:56','1977-11-28 09:43:38','2021-03-22 22:07:30'),(51,29,2,'1974-06-28 09:25:56','1973-11-02 09:42:44','1983-10-08 07:45:23','2021-03-22 22:07:30'),(52,38,2,'2004-11-29 23:11:33','2018-07-29 12:27:11','2013-01-01 20:18:06','2021-03-22 22:07:25'),(53,46,1,'1980-11-19 14:12:22','1982-07-23 01:56:31','2020-11-13 20:25:29','2021-03-22 22:07:30'),(54,38,3,'2017-05-26 18:36:43','1984-02-13 02:07:14','1972-10-19 23:47:07','2021-03-22 22:07:30'),(55,18,3,'1988-01-17 19:06:26','1976-01-27 07:59:33','2014-08-05 05:46:35','2021-03-22 22:07:30'),(56,63,3,'1994-11-13 13:07:46','1990-04-08 04:13:25','2020-09-13 09:45:09','2021-03-22 22:07:30'),(57,3,2,'1997-10-29 01:52:12','2007-09-19 15:05:18','1994-04-28 03:19:44','2021-03-22 22:07:25'),(58,65,3,'1984-05-15 06:30:11','1987-05-04 05:50:04','1995-04-13 12:19:13','2021-03-22 22:07:25'),(59,43,1,'1977-02-15 12:43:09','1970-05-22 21:10:39','2014-08-08 23:18:32','2021-03-22 22:07:30'),(60,71,1,'1997-04-08 02:23:23','2002-05-17 23:20:43','2011-12-23 15:25:25','2021-03-22 22:07:30'),(61,69,3,'1997-02-11 00:34:42','1993-02-09 10:35:57','2005-03-20 23:41:12','2021-03-22 22:07:30'),(62,81,1,'2009-05-26 02:32:23','2009-08-19 19:51:11','1995-11-25 00:50:05','2021-03-22 22:07:30'),(63,13,3,'2018-09-23 21:38:06','2000-07-18 21:09:44','1986-01-21 17:07:00','2021-03-22 22:07:25'),(64,44,1,'2010-04-29 10:50:04','1991-06-23 19:15:15','2015-08-05 22:12:42','2021-03-22 22:07:30'),(65,36,2,'1970-02-10 12:02:49','2007-01-13 03:49:43','2015-09-10 01:33:34','2021-03-22 22:07:30'),(66,15,3,'2013-03-23 04:41:36','2007-02-20 06:07:02','2016-05-18 05:47:27','2021-03-22 22:07:30'),(67,65,2,'1981-08-12 08:02:48','2007-08-26 03:37:11','1985-12-20 11:32:51','2021-03-22 22:07:25'),(68,37,1,'1972-08-30 14:55:04','1970-10-24 03:42:37','2017-01-18 17:56:17','2021-03-22 22:07:30'),(69,97,2,'2002-05-28 00:12:48','1991-06-24 04:38:36','2008-02-21 00:37:07','2021-03-22 22:07:30'),(70,73,2,'1971-10-24 21:14:29','2017-07-25 12:55:12','1998-10-18 21:22:47','2021-03-22 22:07:30'),(71,18,2,'2001-12-25 07:00:06','1989-02-10 18:30:31','1982-12-14 02:45:32','2021-03-22 22:07:30'),(72,100,2,'1992-07-14 20:40:44','1980-12-04 21:41:01','1996-04-01 00:50:50','2021-03-22 22:07:25'),(73,85,2,'1999-07-26 22:37:31','2018-12-20 07:44:28','1987-05-03 09:09:01','2021-03-22 22:07:30'),(74,83,3,'1989-05-22 23:19:14','2016-08-28 05:07:15','2017-09-23 22:43:42','2021-03-22 22:07:30'),(75,33,3,'1979-08-11 18:39:14','2013-11-02 09:24:01','1975-09-05 17:09:43','2021-03-22 22:07:30'),(76,21,1,'1995-05-11 22:46:12','1980-02-04 01:21:53','1983-12-17 16:42:41','2021-03-22 22:07:25'),(77,65,2,'2016-05-04 12:28:06','2011-04-23 22:34:36','1990-11-14 19:57:24','2021-03-22 22:07:25'),(78,89,1,'1980-09-11 13:21:09','1980-02-01 01:42:42','1980-07-25 14:22:53','2021-03-22 22:07:30'),(79,62,2,'2018-07-30 07:58:01','2013-08-16 11:18:11','2000-05-03 07:43:12','2021-03-22 22:07:30'),(80,61,3,'1982-11-09 21:26:45','1993-10-04 08:19:00','2002-08-09 17:22:54','2021-03-22 22:07:30'),(81,55,3,'1970-05-20 01:16:48','1983-06-17 04:56:39','1976-06-10 20:49:02','2021-03-22 22:07:30'),(82,24,3,'2016-04-28 17:54:12','1988-11-02 05:48:40','2020-10-29 07:29:46','2021-03-22 22:07:30'),(83,28,1,'2012-10-06 05:54:16','1983-03-18 10:35:56','1988-11-09 11:31:27','2021-03-22 22:07:30'),(84,54,2,'1999-05-06 11:29:44','2006-05-18 06:29:25','2002-05-14 11:46:18','2021-03-22 22:07:30'),(85,74,2,'2013-05-17 17:55:49','2010-03-24 03:17:55','2018-08-13 22:15:09','2021-03-22 22:07:30'),(86,39,2,'1972-10-04 18:38:42','1990-12-10 16:54:40','2011-05-29 14:57:22','2021-03-22 22:07:30'),(87,40,2,'2001-05-26 14:25:55','1985-07-14 09:16:59','2010-06-19 08:34:33','2021-03-22 22:07:25'),(88,7,2,'1975-02-04 05:19:14','1980-10-03 12:50:35','2014-10-03 18:36:46','2021-03-22 22:07:30'),(89,27,2,'1990-07-16 10:15:12','2020-06-25 16:17:41','1982-02-03 18:41:42','2021-03-22 22:07:30'),(90,98,2,'2005-09-06 00:24:13','1992-05-23 12:17:55','2005-08-21 00:36:00','2021-03-22 22:07:30'),(91,25,1,'2005-07-06 10:13:18','2008-02-12 04:09:56','1986-08-16 21:08:34','2021-03-22 22:07:25'),(92,24,3,'2015-11-07 05:34:33','1993-01-10 17:04:20','1988-11-25 21:41:34','2021-03-22 22:07:30'),(93,70,3,'1996-01-01 19:05:10','2011-12-04 01:59:58','1982-12-15 13:44:13','2021-03-22 22:07:25'),(94,95,2,'2004-04-25 19:48:21','2016-04-21 09:27:22','2008-12-05 08:57:51','2021-03-22 22:07:30'),(95,55,1,'2017-07-30 04:13:21','1985-01-19 21:35:06','2013-09-18 16:11:36','2021-03-22 22:07:30'),(96,73,1,'1981-05-28 21:33:52','1984-06-28 09:07:01','2004-05-08 17:43:51','2021-03-22 22:07:25'),(97,24,1,'2005-11-26 07:24:03','2008-07-19 02:47:46','2007-12-10 16:14:31','2021-03-22 22:07:30'),(98,26,2,'2016-12-27 14:43:15','1993-06-10 16:40:00','1996-08-20 15:08:43','2021-03-22 22:07:30'),(99,50,1,'2003-02-25 13:09:47','1992-12-20 04:20:00','1974-08-21 05:24:12','2021-03-22 22:07:30'),(100,66,1,'1998-03-12 19:31:05','1977-04-04 17:10:23','1992-07-03 08:22:23','2021-03-22 22:07:30');
/*!40000 ALTER TABLE `friendship` ENABLE KEYS */;
UNLOCK TABLES;

--
-- Table structure for table `friendship_statuses`
--

DROP TABLE IF EXISTS `friendship_statuses`;
/*!40101 SET @saved_cs_client     = @@character_set_client */;
/*!50503 SET character_set_client = utf8mb4 */;
CREATE TABLE `friendship_statuses` (
  `id` int unsigned NOT NULL AUTO_INCREMENT COMMENT 'Идентификатор строки',
  `name` varchar(150) CHARACTER SET utf8mb4 COLLATE utf8mb4_unicode_ci NOT NULL COMMENT 'Название статуса',
  `created_at` datetime DEFAULT CURRENT_TIMESTAMP COMMENT 'Время создания строки',
  `updated_at` datetime DEFAULT CURRENT_TIMESTAMP ON UPDATE CURRENT_TIMESTAMP COMMENT 'Время обновления строки',
  PRIMARY KEY (`id`),
  UNIQUE KEY `name` (`name`)
) ENGINE=InnoDB AUTO_INCREMENT=4 DEFAULT CHARSET=utf8mb4 COLLATE=utf8mb4_unicode_ci COMMENT='Статусы дружбы';
/*!40101 SET character_set_client = @saved_cs_client */;

--
-- Dumping data for table `friendship_statuses`
--

LOCK TABLES `friendship_statuses` WRITE;
/*!40000 ALTER TABLE `friendship_statuses` DISABLE KEYS */;
INSERT INTO `friendship_statuses` VALUES (1,'Requested','2021-03-22 22:07:05','2021-03-22 22:07:05'),(2,'Approved','2021-03-22 22:07:05','2021-03-22 22:07:05'),(3,'Declined','2021-03-22 22:07:05','2021-03-22 22:07:05');
/*!40000 ALTER TABLE `friendship_statuses` ENABLE KEYS */;
UNLOCK TABLES;

--
-- Table structure for table `gender`
--

DROP TABLE IF EXISTS `gender`;
/*!40101 SET @saved_cs_client     = @@character_set_client */;
/*!50503 SET character_set_client = utf8mb4 */;
CREATE TABLE `gender` (
  `id` int unsigned NOT NULL AUTO_INCREMENT COMMENT 'Идентификатор строки',
  `gender` varchar(25) DEFAULT NULL COMMENT 'Название пола',
  `gender_info` varchar(150) DEFAULT NULL COMMENT 'Информация о поле',
  `created_at` datetime DEFAULT CURRENT_TIMESTAMP COMMENT 'Время создания строки',
  `updated_at` datetime DEFAULT CURRENT_TIMESTAMP ON UPDATE CURRENT_TIMESTAMP COMMENT 'Время обновления строки',
  PRIMARY KEY (`id`)
) ENGINE=InnoDB AUTO_INCREMENT=3 DEFAULT CHARSET=utf8mb4 COLLATE=utf8mb4_0900_ai_ci COMMENT='Варианты полов';
/*!40101 SET character_set_client = @saved_cs_client */;

--
-- Dumping data for table `gender`
--

LOCK TABLES `gender` WRITE;
/*!40000 ALTER TABLE `gender` DISABLE KEYS */;
INSERT INTO `gender` VALUES (1,'M','Male','2021-03-22 22:06:44','2021-03-22 22:06:44'),(2,'F','Female','2021-03-22 22:06:44','2021-03-22 22:06:44');
/*!40000 ALTER TABLE `gender` ENABLE KEYS */;
UNLOCK TABLES;

--
-- Table structure for table `likes`
--

DROP TABLE IF EXISTS `likes`;
/*!40101 SET @saved_cs_client     = @@character_set_client */;
/*!50503 SET character_set_client = utf8mb4 */;
CREATE TABLE `likes` (
  `id` int unsigned NOT NULL AUTO_INCREMENT COMMENT 'Идентификатор строки',
  `user_id` int unsigned NOT NULL COMMENT 'Идентификатор пользователя',
  `target_id` int unsigned NOT NULL COMMENT 'Идентификатор объекта',
  `target_type_id` int unsigned NOT NULL COMMENT 'Идентификатор типа объекта',
  `like_type` tinyint unsigned NOT NULL COMMENT 'Идентификатор типа лайка (1 - лайк, 0 - дизлайк)',
  `created_at` datetime DEFAULT CURRENT_TIMESTAMP COMMENT 'Время создания строки',
  `updated_at` datetime DEFAULT CURRENT_TIMESTAMP ON UPDATE CURRENT_TIMESTAMP COMMENT 'Время обновления строки',
  PRIMARY KEY (`id`),
  KEY `likes_fk_user_id` (`user_id`),
  KEY `likes_fk_target_type_id` (`target_type_id`),
  CONSTRAINT `likes_fk_target_type_id` FOREIGN KEY (`target_type_id`) REFERENCES `target_types` (`id`),
  CONSTRAINT `likes_fk_user_id` FOREIGN KEY (`user_id`) REFERENCES `users` (`id`)
) ENGINE=InnoDB AUTO_INCREMENT=156 DEFAULT CHARSET=utf8mb4 COLLATE=utf8mb4_0900_ai_ci COMMENT='Лайки';
/*!40101 SET character_set_client = @saved_cs_client */;

--
-- Dumping data for table `likes`
--

LOCK TABLES `likes` WRITE;
/*!40000 ALTER TABLE `likes` DISABLE KEYS */;
INSERT INTO `likes` VALUES (1,11,62,1,0,'2021-03-29 20:19:42','2021-03-29 20:19:42'),(2,19,21,1,1,'2021-03-29 20:19:42','2021-03-29 20:19:42'),(3,51,59,1,0,'2021-03-29 20:19:42','2021-03-29 20:19:42'),(4,50,47,1,1,'2021-03-29 20:19:42','2021-03-29 20:19:42'),(5,51,48,1,1,'2021-03-29 20:19:42','2021-03-29 20:19:42'),(6,37,30,1,0,'2021-03-29 20:19:42','2021-03-29 20:19:42'),(7,38,2,1,0,'2021-03-29 20:19:42','2021-03-29 20:19:42'),(8,4,59,1,0,'2021-03-29 20:19:42','2021-03-29 20:19:42'),(9,3,62,1,1,'2021-03-29 20:19:42','2021-03-29 20:19:42'),(10,54,67,1,0,'2021-03-29 20:19:42','2021-03-29 20:19:42'),(11,84,28,1,0,'2021-03-29 20:19:42','2021-03-29 20:19:42'),(12,98,38,1,1,'2021-03-29 20:19:42','2021-03-29 20:19:42'),(13,80,60,1,0,'2021-03-29 20:19:42','2021-03-29 20:19:42'),(14,68,76,1,1,'2021-03-29 20:19:42','2021-03-29 20:19:42'),(15,75,51,1,0,'2021-03-29 20:19:42','2021-03-29 20:19:42'),(16,61,24,1,1,'2021-03-29 20:19:42','2021-03-29 20:19:42'),(17,27,95,1,0,'2021-03-29 20:19:42','2021-03-29 20:19:42'),(18,74,62,1,1,'2021-03-29 20:19:42','2021-03-29 20:19:42'),(19,75,64,1,0,'2021-03-29 20:19:42','2021-03-29 20:19:42'),(20,31,73,1,0,'2021-03-29 20:19:42','2021-03-29 20:19:42'),(32,7,35,1,0,'2021-03-29 20:20:05','2021-03-29 20:20:05'),(33,26,33,1,1,'2021-03-29 20:20:05','2021-03-29 20:20:05'),(34,100,23,1,0,'2021-03-29 20:20:05','2021-03-29 20:20:05'),(35,57,51,1,0,'2021-03-29 20:20:05','2021-03-29 20:20:05'),(36,12,26,1,0,'2021-03-29 20:20:05','2021-03-29 20:20:05'),(37,93,85,1,0,'2021-03-29 20:20:05','2021-03-29 20:20:05'),(38,75,5,1,0,'2021-03-29 20:20:05','2021-03-29 20:20:05'),(39,30,8,1,0,'2021-03-29 20:20:05','2021-03-29 20:20:05'),(40,8,89,1,0,'2021-03-29 20:20:05','2021-03-29 20:20:05'),(41,94,84,1,1,'2021-03-29 20:20:05','2021-03-29 20:20:05'),(42,33,38,1,0,'2021-03-29 20:20:05','2021-03-29 20:20:05'),(43,44,65,1,0,'2021-03-29 20:20:05','2021-03-29 20:20:05'),(44,84,35,1,0,'2021-03-29 20:20:05','2021-03-29 20:20:05'),(45,86,78,1,1,'2021-03-29 20:20:05','2021-03-29 20:20:05'),(46,16,65,1,1,'2021-03-29 20:20:05','2021-03-29 20:20:05'),(47,73,34,1,1,'2021-03-29 20:20:05','2021-03-29 20:20:05'),(48,34,91,1,1,'2021-03-29 20:20:05','2021-03-29 20:20:05'),(49,75,13,1,0,'2021-03-29 20:20:05','2021-03-29 20:20:05'),(50,33,38,1,0,'2021-03-29 20:20:05','2021-03-29 20:20:05'),(51,6,68,1,0,'2021-03-29 20:20:05','2021-03-29 20:20:05'),(63,22,76,2,1,'2021-03-29 20:20:12','2021-03-29 20:20:12'),(64,100,100,2,0,'2021-03-29 20:20:12','2021-03-29 20:20:12'),(65,23,82,2,1,'2021-03-29 20:20:12','2021-03-29 20:20:12'),(66,15,48,2,1,'2021-03-29 20:20:12','2021-03-29 20:20:12'),(67,62,2,2,1,'2021-03-29 20:20:12','2021-03-29 20:20:12'),(68,83,70,2,0,'2021-03-29 20:20:12','2021-03-29 20:20:12'),(69,46,12,2,1,'2021-03-29 20:20:12','2021-03-29 20:20:12'),(70,67,13,2,1,'2021-03-29 20:20:12','2021-03-29 20:20:12'),(71,85,64,2,0,'2021-03-29 20:20:12','2021-03-29 20:20:12'),(72,22,20,2,1,'2021-03-29 20:20:12','2021-03-29 20:20:12'),(73,61,85,2,0,'2021-03-29 20:20:12','2021-03-29 20:20:12'),(74,65,30,2,1,'2021-03-29 20:20:12','2021-03-29 20:20:12'),(75,8,37,2,0,'2021-03-29 20:20:12','2021-03-29 20:20:12'),(76,87,22,2,1,'2021-03-29 20:20:12','2021-03-29 20:20:12'),(77,61,35,2,0,'2021-03-29 20:20:12','2021-03-29 20:20:12'),(78,24,99,2,1,'2021-03-29 20:20:12','2021-03-29 20:20:12'),(79,60,53,2,0,'2021-03-29 20:20:12','2021-03-29 20:20:12'),(80,43,95,2,1,'2021-03-29 20:20:12','2021-03-29 20:20:12'),(81,84,12,2,0,'2021-03-29 20:20:12','2021-03-29 20:20:12'),(82,100,8,2,0,'2021-03-29 20:20:12','2021-03-29 20:20:12'),(94,67,28,3,0,'2021-03-29 20:20:14','2021-03-29 20:20:14'),(95,11,50,3,0,'2021-03-29 20:20:14','2021-03-29 20:20:14'),(96,11,9,3,1,'2021-03-29 20:20:14','2021-03-29 20:20:14'),(97,25,8,3,1,'2021-03-29 20:20:14','2021-03-29 20:20:14'),(98,95,34,3,0,'2021-03-29 20:20:14','2021-03-29 20:20:14'),(99,46,15,3,1,'2021-03-29 20:20:14','2021-03-29 20:20:14'),(100,46,97,3,0,'2021-03-29 20:20:14','2021-03-29 20:20:14'),(101,49,77,3,0,'2021-03-29 20:20:14','2021-03-29 20:20:14'),(102,90,65,3,1,'2021-03-29 20:20:14','2021-03-29 20:20:14'),(103,61,41,3,0,'2021-03-29 20:20:14','2021-03-29 20:20:14'),(104,35,89,3,1,'2021-03-29 20:20:14','2021-03-29 20:20:14'),(105,1,60,3,1,'2021-03-29 20:20:14','2021-03-29 20:20:14'),(106,37,56,3,1,'2021-03-29 20:20:14','2021-03-29 20:20:14'),(107,27,95,3,0,'2021-03-29 20:20:14','2021-03-29 20:20:14'),(108,7,27,3,0,'2021-03-29 20:20:14','2021-03-29 20:20:14'),(109,86,74,3,1,'2021-03-29 20:20:14','2021-03-29 20:20:14'),(110,89,5,3,1,'2021-03-29 20:20:14','2021-03-29 20:20:14'),(111,56,95,3,0,'2021-03-29 20:20:14','2021-03-29 20:20:14'),(112,71,21,3,0,'2021-03-29 20:20:14','2021-03-29 20:20:14'),(113,19,29,3,0,'2021-03-29 20:20:14','2021-03-29 20:20:14'),(125,50,12,4,1,'2021-03-29 20:20:18','2021-03-29 20:20:18'),(126,60,71,4,0,'2021-03-29 20:20:18','2021-03-29 20:20:18'),(127,93,76,4,0,'2021-03-29 20:20:18','2021-03-29 20:20:18'),(128,44,88,4,0,'2021-03-29 20:20:18','2021-03-29 20:20:18'),(129,68,39,4,0,'2021-03-29 20:20:18','2021-03-29 20:20:18'),(130,8,30,4,0,'2021-03-29 20:20:18','2021-03-29 20:20:18'),(131,10,90,4,0,'2021-03-29 20:20:18','2021-03-29 20:20:18'),(132,13,62,4,1,'2021-03-29 20:20:18','2021-03-29 20:20:18'),(133,65,40,4,0,'2021-03-29 20:20:18','2021-03-29 20:20:18'),(134,12,63,4,0,'2021-03-29 20:20:18','2021-03-29 20:20:18'),(135,33,21,4,1,'2021-03-29 20:20:18','2021-03-29 20:20:18'),(136,6,91,4,1,'2021-03-29 20:20:18','2021-03-29 20:20:18'),(137,5,13,4,1,'2021-03-29 20:20:18','2021-03-29 20:20:18'),(138,82,33,4,1,'2021-03-29 20:20:18','2021-03-29 20:20:18'),(139,35,56,4,0,'2021-03-29 20:20:18','2021-03-29 20:20:18'),(140,11,27,4,0,'2021-03-29 20:20:18','2021-03-29 20:20:18'),(141,61,86,4,1,'2021-03-29 20:20:18','2021-03-29 20:20:18'),(142,65,63,4,1,'2021-03-29 20:20:18','2021-03-29 20:20:18'),(143,95,4,4,1,'2021-03-29 20:20:18','2021-03-29 20:20:18'),(144,91,10,4,1,'2021-03-29 20:20:18','2021-03-29 20:20:18');
/*!40000 ALTER TABLE `likes` ENABLE KEYS */;
UNLOCK TABLES;

--
-- Table structure for table `media`
--

DROP TABLE IF EXISTS `media`;
/*!40101 SET @saved_cs_client     = @@character_set_client */;
/*!50503 SET character_set_client = utf8mb4 */;
CREATE TABLE `media` (
  `id` int unsigned NOT NULL AUTO_INCREMENT COMMENT 'Идентификатор строки',
  `user_id` int unsigned NOT NULL COMMENT 'Ссылка на пользователя, который загрузил файл',
  `filename` varchar(255) CHARACTER SET utf8mb4 COLLATE utf8mb4_unicode_ci NOT NULL COMMENT 'Путь к файлу',
  `size` int NOT NULL COMMENT 'Размер файла',
  `metadata` longtext CHARACTER SET utf8mb4 COLLATE utf8mb4_bin COMMENT 'Метаданные файла',
  `media_type_id` int unsigned NOT NULL COMMENT 'Ссылка на тип контента',
  `created_at` datetime DEFAULT CURRENT_TIMESTAMP COMMENT 'Время создания строки',
  `updated_at` datetime DEFAULT CURRENT_TIMESTAMP ON UPDATE CURRENT_TIMESTAMP COMMENT 'Время обновления строки',
  PRIMARY KEY (`id`),
  KEY `media_fk_user_id` (`user_id`),
  KEY `media_fk_media_type_id` (`media_type_id`),
  CONSTRAINT `media_fk_media_type_id` FOREIGN KEY (`media_type_id`) REFERENCES `media_types` (`id`),
  CONSTRAINT `media_fk_user_id` FOREIGN KEY (`user_id`) REFERENCES `users` (`id`),
  CONSTRAINT `media_chk_1` CHECK (json_valid(`metadata`))
) ENGINE=InnoDB AUTO_INCREMENT=116 DEFAULT CHARSET=utf8mb4 COLLATE=utf8mb4_unicode_ci COMMENT='Медиафайлы';
/*!40101 SET character_set_client = @saved_cs_client */;

--
-- Dumping data for table `media`
--

LOCK TABLES `media` WRITE;
/*!40000 ALTER TABLE `media` DISABLE KEYS */;
INSERT INTO `media` VALUES (1,1,'aperiam',332037,NULL,3,'2016-03-14 13:49:52','2021-03-22 22:07:23'),(2,2,'repellat',19,NULL,3,'1976-06-06 19:03:26','2021-03-22 22:07:23'),(3,3,'autem',36,NULL,3,'2017-03-24 11:00:08','1973-02-01 22:57:33'),(4,4,'et',2,NULL,3,'2014-06-04 20:54:51','2021-03-22 22:07:23'),(5,5,'ut',3270417,NULL,2,'2009-08-20 08:44:02','2021-03-22 22:07:23'),(6,6,'perferendis',9,NULL,2,'2002-04-08 21:39:53','2021-03-22 22:07:23'),(7,7,'quo',2,NULL,3,'2012-06-23 21:29:06','2021-03-22 22:07:23'),(8,8,'rerum',14438,NULL,3,'1990-11-14 22:37:34','1977-01-13 21:50:21'),(9,9,'assumenda',0,NULL,2,'2009-09-05 18:48:49','2021-03-22 22:07:23'),(10,10,'reiciendis',7346996,NULL,1,'1998-01-05 16:36:52','2021-03-22 22:07:23'),(11,11,'veritatis',0,NULL,2,'2020-02-27 15:02:55','2021-03-22 22:07:23'),(12,12,'excepturi',25038413,NULL,1,'2005-11-13 20:15:27','2021-03-22 22:07:23'),(13,13,'error',0,NULL,3,'1987-07-07 18:17:19','1979-02-04 08:22:29'),(14,14,'qui',0,NULL,2,'1988-07-30 01:52:52','2021-03-22 22:07:23'),(15,15,'sed',0,NULL,3,'1996-04-25 14:15:41','2021-03-22 22:07:23'),(16,16,'et',1732526,NULL,2,'1987-08-28 17:42:15','2021-03-22 22:07:23'),(17,17,'neque',5011065,NULL,1,'2016-12-16 14:22:24','2021-03-22 22:07:23'),(18,18,'voluptatum',2,NULL,1,'2018-10-01 14:19:23','2021-03-22 22:07:23'),(19,19,'placeat',118,NULL,3,'2000-07-23 14:59:12','2021-03-22 22:07:23'),(20,20,'eos',81,NULL,3,'1973-04-08 23:26:12','2021-03-22 22:07:23'),(21,21,'et',15607593,NULL,1,'1991-11-01 07:18:19','1978-01-23 13:06:30'),(22,22,'sunt',15,NULL,3,'1975-07-26 01:32:52','2021-03-22 22:07:23'),(23,23,'sed',1,NULL,1,'2003-11-09 07:15:22','2021-03-22 22:07:23'),(24,24,'quis',934404,NULL,1,'1983-03-15 21:25:29','2021-03-22 22:07:23'),(25,25,'velit',486411269,NULL,1,'1976-09-21 22:02:48','2021-03-22 22:07:23'),(26,26,'suscipit',6,NULL,2,'2015-01-29 12:11:38','2021-03-22 22:07:23'),(27,27,'quos',726683,NULL,3,'2015-09-07 15:28:11','2021-03-22 22:07:23'),(28,28,'soluta',32293494,NULL,2,'1972-01-02 05:27:24','2021-03-22 22:07:23'),(29,29,'nihil',542563,NULL,3,'2015-11-13 10:32:40','2021-03-22 22:07:23'),(30,30,'magni',47744,NULL,3,'1997-02-07 17:25:13','2021-03-22 22:07:23'),(31,31,'corporis',34,NULL,1,'2008-02-02 19:03:42','1998-04-10 12:27:20'),(32,32,'aliquid',819435244,NULL,2,'1992-10-16 04:50:39','2015-12-26 15:01:54'),(33,33,'magnam',377,NULL,2,'1995-01-07 01:14:55','2021-03-22 22:07:23'),(34,34,'impedit',0,NULL,1,'1982-05-24 01:55:22','2021-03-22 22:07:23'),(35,35,'velit',17,NULL,3,'1970-07-24 20:36:14','2021-03-22 22:07:23'),(36,36,'veniam',827,NULL,1,'1978-10-08 19:58:49','1982-07-16 10:05:42'),(37,37,'explicabo',0,NULL,2,'2000-04-15 15:06:20','2014-11-07 14:20:24'),(38,38,'voluptas',67150379,NULL,3,'1993-11-09 04:30:36','2020-02-15 21:18:00'),(39,39,'iusto',276994113,NULL,1,'1975-05-05 04:43:58','2021-03-22 22:07:23'),(40,40,'aut',31,NULL,1,'1988-03-20 20:16:32','2021-03-22 22:07:23'),(41,41,'laudantium',893082,NULL,2,'2002-09-29 01:26:29','2021-03-22 22:07:23'),(42,42,'numquam',2857455,NULL,2,'1984-08-20 04:18:39','2005-07-18 21:21:56'),(43,43,'ipsam',75111182,NULL,3,'2003-11-28 03:01:47','2019-11-16 05:56:54'),(44,44,'provident',64,NULL,3,'2010-01-02 21:26:38','2021-03-22 22:07:23'),(45,45,'veritatis',227470190,NULL,2,'2000-11-17 15:42:50','2021-03-22 22:07:23'),(46,46,'ut',49962,NULL,3,'1999-06-28 01:25:12','2021-03-22 22:07:23'),(47,47,'rem',0,NULL,3,'1991-11-23 01:19:07','2021-03-22 22:07:23'),(48,48,'ipsa',573,NULL,2,'2001-06-04 02:33:49','2021-03-22 22:07:23'),(49,49,'harum',643558,NULL,3,'1979-11-08 13:19:00','2021-03-22 22:07:23'),(50,50,'aut',43925,NULL,3,'2016-03-21 09:29:47','2021-03-22 22:07:23'),(51,51,'beatae',82214700,NULL,3,'2015-11-10 21:36:41','2021-03-22 22:07:23'),(52,52,'suscipit',86142,NULL,1,'1976-04-23 01:47:11','2021-03-22 22:07:23'),(53,53,'id',336538563,NULL,3,'2017-05-18 04:58:08','1991-07-06 16:54:34'),(54,54,'provident',0,NULL,3,'2005-01-17 15:09:45','2021-03-22 22:07:23'),(55,55,'deleniti',45265756,NULL,2,'1978-11-25 16:37:35','2021-03-22 22:07:23'),(56,56,'dolorum',310150919,NULL,1,'1982-05-30 07:08:52','2002-07-22 19:45:44'),(57,57,'et',15490032,NULL,1,'1973-08-17 15:20:18','2021-03-22 22:07:23'),(58,58,'reprehenderit',52157,NULL,2,'1979-07-10 03:30:03','2021-03-22 22:07:23'),(59,59,'quae',7467,NULL,3,'1997-01-14 21:20:35','2021-03-22 22:07:23'),(60,60,'doloremque',8744885,NULL,3,'1980-05-20 03:24:44','2021-03-22 22:07:23'),(61,61,'quasi',8003594,NULL,3,'1976-10-06 07:40:52','2021-03-22 22:07:23'),(62,62,'voluptatibus',55,NULL,2,'1988-11-23 02:29:53','2009-07-22 19:20:31'),(63,63,'harum',844654030,NULL,3,'2007-01-13 03:48:30','1992-11-19 05:55:41'),(64,64,'modi',6539,NULL,2,'1983-10-20 17:54:55','2021-03-22 22:07:23'),(65,65,'reprehenderit',9718,NULL,1,'2017-06-15 16:18:49','2021-03-22 22:07:23'),(66,66,'provident',90545,NULL,2,'1977-12-13 17:04:34','2021-03-22 22:07:23'),(67,67,'eveniet',64255,NULL,3,'1998-11-07 19:23:30','2021-03-22 22:07:23'),(68,68,'non',9992337,NULL,2,'2007-08-11 10:41:49','2021-03-22 22:07:23'),(69,69,'et',0,NULL,3,'1971-01-20 18:50:30','2021-03-22 22:07:23'),(70,70,'accusamus',5,NULL,1,'2012-07-25 17:52:29','2021-03-22 22:07:23'),(71,71,'corrupti',115671518,NULL,3,'1983-07-30 01:16:16','2021-03-22 22:07:23'),(72,72,'sit',545042,NULL,1,'2008-06-25 21:59:55','2021-03-22 22:07:23'),(73,73,'qui',45134418,NULL,2,'2019-09-25 12:15:48','2021-03-22 22:07:23'),(74,74,'iure',1,NULL,2,'1984-10-14 17:52:48','2021-03-22 22:07:23'),(75,75,'facere',326,NULL,3,'1997-05-03 12:43:49','2021-03-22 22:07:23'),(76,76,'aut',1268,NULL,1,'1994-10-31 20:41:34','2001-06-04 05:14:04'),(77,77,'aut',0,NULL,1,'1996-05-13 02:38:58','2021-03-22 22:07:23'),(78,78,'qui',718461725,NULL,1,'2018-08-04 12:42:42','2021-03-22 22:07:23'),(79,79,'qui',7045,NULL,3,'1983-01-20 04:37:16','2021-03-22 22:07:23'),(80,80,'dolor',688,NULL,2,'1983-07-22 17:39:42','2021-03-22 22:07:23'),(81,81,'et',974271,NULL,1,'1993-10-28 04:25:29','1981-07-02 10:01:01'),(82,82,'magnam',65330,NULL,2,'1972-09-06 06:41:33','1994-10-21 04:07:50'),(83,83,'unde',0,NULL,1,'2018-10-25 21:47:02','2021-03-22 22:07:23'),(84,84,'repellat',249,NULL,3,'1997-11-13 13:23:43','2021-03-22 22:07:23'),(85,85,'voluptate',0,NULL,3,'1983-01-20 18:55:47','2021-03-22 22:07:23'),(86,86,'ratione',6,NULL,2,'2020-10-01 22:23:29','2021-03-22 22:07:23'),(87,87,'ad',0,NULL,1,'1999-06-17 23:41:24','2021-03-22 22:07:23'),(88,88,'necessitatibus',7052175,NULL,3,'1982-11-13 00:37:11','1994-04-09 08:10:38'),(89,89,'molestias',22301,NULL,1,'1989-12-28 16:41:10','2021-03-22 22:07:23'),(90,90,'dolor',69,NULL,3,'1988-10-28 23:14:26','2021-03-22 22:07:23'),(91,91,'saepe',2852718,NULL,1,'2003-03-03 19:04:32','2005-10-08 14:44:01'),(92,92,'explicabo',3,NULL,1,'1997-03-13 06:43:57','2021-03-22 22:07:23'),(93,93,'veritatis',365766109,NULL,3,'2012-10-04 12:20:50','1971-12-10 12:44:48'),(94,94,'sit',407,NULL,1,'2009-02-09 23:28:01','2021-03-22 22:07:23'),(95,95,'quia',751286014,NULL,3,'1972-03-15 22:14:40','2021-03-22 22:07:23'),(96,96,'id',8642,NULL,2,'2015-12-27 13:55:38','2021-03-22 22:07:23'),(97,97,'quia',41,NULL,2,'1996-04-08 14:55:02','2019-01-29 01:14:29'),(98,98,'laboriosam',4,NULL,2,'1992-07-28 01:37:26','2021-03-22 22:07:23'),(99,99,'similique',7,NULL,1,'2005-12-30 06:59:09','2021-03-22 22:07:23'),(100,100,'quia',152076172,NULL,3,'1976-01-14 06:41:57','2021-03-22 22:07:23'),(101,83,'unde',618128,NULL,1,'2021-03-29 20:24:40','2021-03-29 20:24:40'),(102,15,'sed',271621,NULL,2,'2021-03-29 20:24:40','2021-03-29 20:24:40'),(103,12,'excepturi',130893,NULL,3,'2021-03-29 20:24:40','2021-03-29 20:24:40'),(104,79,'qui',315908,NULL,3,'2021-03-29 20:24:40','2021-03-29 20:24:40'),(105,42,'numquam',584657,NULL,1,'2021-03-29 20:24:40','2021-03-29 20:24:40'),(106,37,'explicabo',793340,NULL,2,'2021-03-29 20:24:40','2021-03-29 20:24:40'),(107,34,'impedit',226333,NULL,1,'2021-03-29 20:24:40','2021-03-29 20:24:40'),(108,77,'aut',853379,NULL,2,'2021-03-29 20:24:40','2021-03-29 20:24:40'),(109,90,'dolor',674864,NULL,2,'2021-03-29 20:24:40','2021-03-29 20:24:40'),(110,6,'perferendis',629190,NULL,1,'2021-03-29 20:24:40','2021-03-29 20:24:40');
/*!40000 ALTER TABLE `media` ENABLE KEYS */;
UNLOCK TABLES;

--
-- Table structure for table `media_types`
--

DROP TABLE IF EXISTS `media_types`;
/*!40101 SET @saved_cs_client     = @@character_set_client */;
/*!50503 SET character_set_client = utf8mb4 */;
CREATE TABLE `media_types` (
  `id` int unsigned NOT NULL AUTO_INCREMENT COMMENT 'Идентификатор строки',
  `name` varchar(255) CHARACTER SET utf8mb4 COLLATE utf8mb4_unicode_ci NOT NULL COMMENT 'Название типа',
  `created_at` datetime DEFAULT CURRENT_TIMESTAMP COMMENT 'Время создания строки',
  `updated_at` datetime DEFAULT CURRENT_TIMESTAMP ON UPDATE CURRENT_TIMESTAMP COMMENT 'Время обновления строки',
  PRIMARY KEY (`id`),
  UNIQUE KEY `name` (`name`)
) ENGINE=InnoDB AUTO_INCREMENT=4 DEFAULT CHARSET=utf8mb4 COLLATE=utf8mb4_unicode_ci COMMENT='Типы медиафайлов';
/*!40101 SET character_set_client = @saved_cs_client */;

--
-- Dumping data for table `media_types`
--

LOCK TABLES `media_types` WRITE;
/*!40000 ALTER TABLE `media_types` DISABLE KEYS */;
INSERT INTO `media_types` VALUES (1,'Image','2021-03-22 22:07:06','2021-03-22 22:07:06'),(2,'Video','2021-03-22 22:07:06','2021-03-22 22:07:06'),(3,'Audio','2021-03-22 22:07:06','2021-03-22 22:07:06');
/*!40000 ALTER TABLE `media_types` ENABLE KEYS */;
UNLOCK TABLES;

--
-- Table structure for table `messages`
--

DROP TABLE IF EXISTS `messages`;
/*!40101 SET @saved_cs_client     = @@character_set_client */;
/*!50503 SET character_set_client = utf8mb4 */;
CREATE TABLE `messages` (
  `id` int unsigned NOT NULL AUTO_INCREMENT COMMENT 'Идентификатор строки',
  `from_user_id` int unsigned NOT NULL COMMENT 'Ссылка на отправителя сообщения',
  `to_user_id` int unsigned NOT NULL COMMENT 'Ссылка на получателя сообщения',
  `body` text CHARACTER SET utf8mb4 COLLATE utf8mb4_unicode_ci NOT NULL COMMENT 'Текст сообщения',
  `is_important` tinyint(1) DEFAULT NULL COMMENT 'Признак важности',
  `is_delivered` tinyint(1) DEFAULT NULL COMMENT 'Признак доставки',
  `is_read` tinyint(1) DEFAULT NULL COMMENT 'Признак прочтения',
  `created_at` datetime DEFAULT CURRENT_TIMESTAMP COMMENT 'Время создания строки',
  `updated_at` datetime DEFAULT CURRENT_TIMESTAMP ON UPDATE CURRENT_TIMESTAMP COMMENT 'Время обновления строки',
  PRIMARY KEY (`id`),
  KEY `messages_fk_from_user_id` (`from_user_id`),
  KEY `messages_fk_to_user_id` (`to_user_id`),
  CONSTRAINT `messages_fk_from_user_id` FOREIGN KEY (`from_user_id`) REFERENCES `users` (`id`),
  CONSTRAINT `messages_fk_to_user_id` FOREIGN KEY (`to_user_id`) REFERENCES `users` (`id`)
) ENGINE=InnoDB AUTO_INCREMENT=101 DEFAULT CHARSET=utf8mb4 COLLATE=utf8mb4_unicode_ci COMMENT='Сообщения';
/*!40101 SET character_set_client = @saved_cs_client */;

--
-- Dumping data for table `messages`
--

LOCK TABLES `messages` WRITE;
/*!40000 ALTER TABLE `messages` DISABLE KEYS */;
INSERT INTO `messages` VALUES (1,1,60,'Consequatur incidunt nisi rerum assumenda debitis vero voluptas ab. Quasi ipsum repellat natus quia omnis dicta dolores maxime. Nihil quia et ad odit quasi voluptas quis tempora.',0,0,NULL,'1999-05-17 20:05:22','2021-03-22 22:07:32'),(2,2,47,'Illo laboriosam officiis vel dolore sapiente praesentium qui. Omnis est rerum dignissimos repellat dolores tenetur ex. Aut reiciendis unde explicabo atque. Ab eos accusamus aut sint.',1,1,1,'1992-02-04 16:37:43','2021-03-22 22:07:38'),(3,3,5,'Velit ullam ad laborum officia ut at sed. Ut vitae culpa adipisci est cupiditate doloremque enim. Magni consectetur vitae voluptas facere impedit et. Sit repellendus quo sequi nesciunt labore a in.',0,0,NULL,'1988-11-23 13:04:32','2021-03-22 22:07:32'),(4,4,89,'Quas qui aperiam quod animi. Veniam officiis quo omnis. Facere repellendus voluptas nemo eum iure quae ut enim.',1,0,NULL,'1983-04-01 02:36:24','2021-03-22 22:07:32'),(5,5,53,'Temporibus eaque provident omnis et. Nihil est reprehenderit inventore dolore sunt et. Hic adipisci deserunt incidunt aut similique. Provident deserunt similique inventore non nobis nihil labore temporibus. Vero ducimus at aut ea dicta omnis modi.',0,1,0,'2019-05-28 12:35:32','2021-03-22 22:07:35'),(6,6,9,'Aut doloribus quia autem minima repudiandae. Minima atque alias ipsum fugiat unde odit. Ullam corporis omnis reprehenderit cumque.',0,0,NULL,'1990-04-21 20:49:01','2021-03-22 22:07:32'),(7,7,16,'Autem rerum et omnis rerum blanditiis facilis. Aut ut voluptas ut ut et facere sint dolores. Quia est ut libero cupiditate optio. Eaque vel natus vitae illum nisi velit alias.',1,0,NULL,'1992-09-02 00:53:00','2021-03-22 22:07:32'),(8,8,22,'Consectetur vel eum cum unde est neque officiis. Nostrum et voluptas dolorem modi non libero ullam. Quos ratione necessitatibus quo tenetur mollitia est quo.',1,1,0,'2006-07-28 07:54:05','2021-03-22 22:07:38'),(9,9,48,'Eligendi soluta nesciunt nihil. Porro consequatur ex voluptatibus qui iusto similique tenetur sit.',1,1,0,'1970-10-02 19:42:42','2021-03-22 22:07:35'),(10,10,47,'Voluptas pariatur unde et error autem. Occaecati impedit doloribus rerum ut vel omnis et. Autem animi iure necessitatibus distinctio.',1,1,1,'1983-04-09 18:03:27','2021-03-22 22:07:38'),(11,11,70,'Voluptatum autem et deleniti consequatur praesentium porro. Saepe sunt consequatur sequi eos. Distinctio quisquam repellendus occaecati ipsam totam. Quos nihil et sequi ut.',0,1,0,'2012-03-26 16:45:12','2021-03-22 22:07:35'),(12,12,71,'Magni labore voluptatem impedit. Libero consequuntur magnam aut exercitationem corporis itaque est. Dicta ratione officiis voluptatem qui maiores. Itaque ut assumenda omnis labore.',1,1,1,'1976-03-01 12:43:48','2021-03-22 22:07:35'),(13,13,77,'Id voluptatum voluptates non quam rem occaecati. Consequuntur debitis commodi pariatur eius quisquam dolores. Aut qui commodi aliquid quae.',0,1,0,'1992-03-15 16:32:46','2021-03-22 22:07:35'),(14,14,38,'Sunt veniam ad non soluta vero dicta rerum. Ut eos quia molestiae rerum mollitia molestias animi. Blanditiis consequuntur aut tempore aut. Voluptas unde adipisci facilis.',0,0,NULL,'1987-10-10 07:31:30','2021-03-22 22:07:32'),(15,15,69,'Velit distinctio aliquid ea aperiam molestiae sint ex. Eum error suscipit provident dolores beatae eum qui. Est aut nesciunt voluptatum voluptas et eligendi. Sit velit rerum voluptatem omnis incidunt.',1,1,1,'1987-01-09 11:39:05','2021-03-22 22:07:35'),(16,16,68,'Non quaerat qui qui vel. Odio possimus iure et tempore dolorem. Magni sed voluptate quo labore assumenda.',1,0,NULL,'1994-02-27 12:16:54','2021-03-22 22:07:32'),(17,17,6,'Quaerat hic itaque porro accusamus aut eum fugit. Dolores laboriosam fugiat voluptas tenetur quas atque. Laudantium accusantium vitae qui veritatis. Nihil autem adipisci voluptates. Quis delectus et rerum officiis quos assumenda vitae.',0,0,NULL,'1986-06-03 14:19:18','2021-03-22 22:07:32'),(18,18,24,'Quo dolorem non amet non. Suscipit et natus totam exercitationem. Illo qui ipsam iusto dolorem sit voluptatibus quidem amet. Vel eum est mollitia quis vel enim ut.',1,1,0,'1983-07-20 10:24:57','2021-03-22 22:07:38'),(19,19,3,'Quasi neque vel veritatis quis eum. Dolorum rerum ducimus magnam voluptatem. Voluptate nemo provident quisquam incidunt. Voluptatem repellendus illo incidunt ipsa neque tenetur.',0,1,1,'1970-09-09 09:45:10','2021-03-22 22:07:38'),(20,20,54,'Aperiam quaerat eligendi sit in fugiat. Nesciunt iste aut aut voluptatem molestiae voluptatem consequuntur tempora. Sed repellendus nesciunt nam doloremque possimus ut eos. Distinctio distinctio numquam tenetur nobis. Maiores voluptates sit ut non sequi.',0,1,1,'2020-05-13 08:25:06','2021-03-22 22:07:35'),(21,21,94,'Quis et ut consequatur ipsa ut et dolor et. Aut itaque voluptas maxime distinctio voluptas. Id necessitatibus dicta consequatur velit consectetur debitis est.',0,0,NULL,'1999-05-09 17:06:09','2021-03-22 22:07:32'),(22,22,9,'Velit nihil adipisci fugiat sed quam ut quaerat. Cupiditate numquam eos eveniet itaque qui corrupti voluptatum qui. Enim sunt impedit laboriosam aut veniam et officiis. Est eos sit voluptas dolor. Consectetur veniam tempora nihil est quaerat.',1,1,0,'2018-04-12 08:15:18','2021-03-22 22:07:38'),(23,23,20,'Sint architecto asperiores consequuntur. Voluptatem tempora repudiandae et ad aut dolore saepe. Dicta delectus est necessitatibus ut illo adipisci quaerat quae. Maxime deleniti deleniti qui dolores similique explicabo omnis.',1,1,1,'2000-11-01 22:04:23','2021-03-22 22:07:38'),(24,24,94,'Id alias nostrum voluptas provident quis quae est. In atque doloremque recusandae dolorem modi. Voluptate voluptates ducimus et voluptatum voluptas. Repellendus temporibus est fugiat vel.',0,1,0,'1987-05-26 04:07:17','2021-03-22 22:07:35'),(25,25,83,'Qui est distinctio assumenda et exercitationem cum reiciendis. Reprehenderit non sapiente ullam. Nisi laborum sit natus ut et.',0,1,0,'2018-06-28 11:42:51','2021-03-22 22:07:38'),(26,26,80,'Enim cumque et quas quibusdam ut velit. Eum quidem incidunt velit minima est. Dicta expedita eaque quam sunt. Autem ullam voluptatibus dolorem ut.',1,0,NULL,'1984-02-13 15:08:00','2021-03-22 22:07:32'),(27,27,54,'Vero voluptas dolorum odit dolor non consequatur maiores. Natus sed aut et nobis cumque numquam. Dolore quo voluptatem a ea consequatur sit. Omnis error excepturi exercitationem voluptatum dolores cupiditate similique.',1,0,NULL,'2012-09-07 17:08:50','2021-03-22 22:07:32'),(28,28,38,'Quibusdam sint enim enim laboriosam atque sunt. Rerum placeat cum voluptates unde. Non quisquam aut ut quos iure. Et ratione aut illum ullam tempora.',1,0,NULL,'2006-04-27 14:03:26','2021-03-22 22:07:32'),(29,29,37,'Rem libero sed quia facere expedita cum quas fuga. Distinctio assumenda sapiente quasi asperiores ut. Quia qui sunt omnis repudiandae. Rem aliquid recusandae et a.',0,0,NULL,'1996-04-28 04:10:46','2021-03-22 22:07:32'),(30,30,53,'Numquam quae laborum et. Dolores exercitationem non delectus nemo consequatur pariatur enim distinctio. In autem consequatur qui ipsa reiciendis libero. Nesciunt et autem modi est.',1,0,NULL,'2002-11-05 06:31:01','2021-03-22 22:07:32'),(31,31,55,'Et ad a ratione. Dicta voluptate vero aspernatur dicta. Fugiat repellendus vitae porro qui qui.',0,0,NULL,'1974-03-15 00:36:35','2021-03-22 22:07:32'),(32,32,7,'Expedita neque reiciendis sit molestias. Ad qui velit ratione hic. Praesentium quidem illum maiores et est.',1,0,NULL,'1995-05-01 06:40:26','2021-03-22 22:07:32'),(33,33,35,'Ea numquam id occaecati voluptas ut autem. Eos consequatur deleniti similique ducimus eos veritatis. Temporibus ea sit velit eaque et pariatur. Quam omnis minima dolorem rerum.',0,0,NULL,'1993-01-06 04:42:51','2021-03-22 22:07:32'),(34,34,83,'Reprehenderit non magnam debitis. Doloribus ratione velit et. Expedita est ipsa ipsa quas quo eligendi. Provident impedit velit consequatur et ea aliquid repellendus. Nam sit ipsum illum omnis.',0,1,0,'2018-08-17 18:15:41','2021-03-22 22:07:38'),(35,35,92,'Accusamus voluptatem totam facere est dicta delectus id nobis. Vitae dolor et nulla suscipit. Eos et est minima ex.',1,0,NULL,'1970-09-02 16:18:49','2021-03-22 22:07:32'),(36,36,30,'Nemo nulla quia ipsum exercitationem ex aspernatur. Debitis qui delectus ut tenetur accusantium dolor rerum. Et eligendi quas qui eveniet voluptate.',0,0,NULL,'2007-08-03 22:06:10','2021-03-22 22:07:32'),(37,37,17,'Iure possimus sed vel aut culpa est ut. Illum cupiditate repudiandae aliquam nesciunt velit suscipit. Vero ab fuga aut harum odio ullam. Dolor laborum eius nesciunt explicabo hic assumenda.',1,0,NULL,'2007-04-27 06:25:11','2021-03-22 22:07:32'),(38,38,23,'Earum vero necessitatibus inventore velit non tenetur reiciendis. Laboriosam impedit voluptatem praesentium similique cum in. Qui corrupti odio debitis laboriosam.',1,0,NULL,'1985-04-28 03:20:22','2021-03-22 22:07:32'),(39,39,36,'Rerum tempore dolorum sequi voluptatum rerum in. Voluptas inventore repudiandae excepturi cum sunt voluptas commodi. Velit pariatur est quo reprehenderit. Distinctio voluptatibus cumque atque molestias inventore.',1,0,NULL,'2013-08-18 00:09:40','2021-03-22 22:07:32'),(40,40,27,'Aut hic velit distinctio sit nihil accusamus. Iure vel culpa nihil. Soluta sunt commodi similique dolorem nostrum officia doloribus. Placeat culpa harum provident dolor consequatur molestiae rerum quam. Minus hic voluptates cupiditate unde dolorum non quasi velit.',0,0,NULL,'1996-05-20 15:20:13','2021-03-22 22:07:32'),(41,41,72,'Repellat iste facere labore cum fuga odit in. Soluta accusantium dolores totam accusamus accusamus quia. In explicabo blanditiis eveniet tenetur. Itaque et pariatur voluptate distinctio quos qui. Vel perspiciatis dolor suscipit sunt et.',1,1,1,'1986-05-14 19:19:25','2021-03-22 22:07:35'),(42,42,44,'Rerum molestias voluptas nostrum dolores. Eum et cumque dolores maxime et. Quae est fuga quaerat provident. Qui similique aspernatur ea quam maiores voluptate assumenda sed.',1,0,NULL,'2006-04-14 23:21:08','2021-03-22 22:07:32'),(43,43,31,'Reiciendis laboriosam debitis excepturi. Minus esse quo beatae soluta. Quia doloremque voluptatem repellendus praesentium aut cumque facere. Vero qui necessitatibus est tempora corporis.',0,1,0,'1973-03-03 20:33:08','2021-03-22 22:07:38'),(44,44,57,'Ut optio et et qui. Qui fuga molestiae sequi aut harum voluptates vitae et. Libero et labore aut et ut. Aut nam enim soluta.',0,0,NULL,'1988-08-09 09:55:03','2021-03-22 22:07:32'),(45,45,58,'Nisi natus veritatis consequatur qui omnis. Veritatis occaecati et temporibus reprehenderit doloribus ipsam ut. Amet illum in ea ut a doloribus voluptatum.',1,1,1,'1981-12-23 02:28:22','2021-03-22 22:07:38'),(46,46,56,'Earum ipsum dolor culpa ullam laboriosam et ea. Sequi quasi eaque sequi a corrupti est numquam. Rerum quia dolorem voluptas ut. Magnam tenetur unde et dolores.',0,1,1,'2009-10-05 20:16:34','2021-03-22 22:07:38'),(47,47,80,'Totam voluptas et est reiciendis. Ut deleniti modi nesciunt veritatis aliquid. Doloremque eos nihil et quaerat et ratione aliquid repellat. Eius repellendus saepe nesciunt ab.',0,1,1,'2008-08-07 11:21:47','2021-03-22 22:07:38'),(48,48,79,'Incidunt ut molestias est modi ad. Vel voluptatum quidem et voluptas quasi quae maxime doloremque. Aut eos qui et consequatur.',1,0,NULL,'2007-07-14 02:41:16','2021-03-22 22:07:32'),(49,49,58,'Rerum vero aut porro illum magnam. Maiores eligendi quaerat neque mollitia ipsam. Quo autem et dicta. Exercitationem eligendi optio voluptatibus sapiente tempore.',0,1,0,'2017-12-20 21:33:14','2021-03-22 22:07:38'),(50,50,75,'Velit sed non adipisci soluta voluptas pariatur consequatur. Quis cum tempore quis. Impedit veniam accusantium omnis ducimus hic. Rem ullam necessitatibus exercitationem a.',0,1,1,'1991-07-07 14:06:22','2021-03-22 22:07:38'),(51,51,95,'Est maxime voluptates autem laboriosam. Dolor omnis illum eligendi doloribus aut aspernatur eius. Pariatur quia et ipsum. Occaecati ipsum est in occaecati nostrum et.',1,1,0,'2001-03-08 21:59:15','2021-03-22 22:07:38'),(52,52,32,'Omnis velit ea cumque quam quo necessitatibus. Reprehenderit minima a nostrum nostrum quas. Voluptates et ullam et quae cumque ut.',1,0,NULL,'1999-06-21 09:35:23','2021-03-22 22:07:32'),(53,53,73,'Voluptatibus recusandae iste doloribus cumque eos. Necessitatibus repudiandae reiciendis nesciunt architecto.',0,0,NULL,'1984-07-03 04:09:31','2021-03-22 22:07:32'),(54,54,87,'Eaque hic voluptas animi voluptas voluptas. Assumenda consequatur possimus et quae magni. Dolor aut qui veritatis odio.',1,0,NULL,'2011-01-29 06:38:20','2021-03-22 22:07:32'),(55,55,49,'Ut tempora explicabo possimus vero nobis explicabo. Ut voluptates qui beatae omnis similique nulla. Est qui voluptatem quasi. Quam sit vitae omnis corrupti exercitationem.',0,1,0,'2001-06-16 23:10:56','2021-03-22 22:07:38'),(56,56,2,'Quae aut et aut ut. Velit voluptatem et labore suscipit expedita rerum sunt voluptatem.',1,0,NULL,'1997-04-12 06:11:57','2021-03-22 22:07:32'),(57,57,48,'Ipsa esse quos dolores perspiciatis quaerat. Corrupti non ducimus repellat libero. Dolorem modi accusantium velit vel distinctio tempore et.',1,1,0,'2003-07-27 08:15:41','2021-03-22 22:07:35'),(58,58,60,'Odio pariatur officiis ut suscipit maiores atque. Sunt veniam quas facilis eveniet suscipit. Quia at consequatur quod minima molestias.',1,1,0,'2019-08-07 04:34:09','2021-03-22 22:07:38'),(59,59,46,'Non omnis repellat velit quaerat ut enim eveniet quia. Consequatur est in quia tempora sunt. Est iste tempore id placeat veritatis sit voluptate.',0,1,0,'2005-02-28 03:55:58','2021-03-22 22:07:35'),(60,60,82,'Esse consequatur voluptatem eos dolore. Magni odio dolore quis qui saepe ullam in corrupti. Eum laboriosam maiores minus rerum est. Blanditiis eum repudiandae inventore quas.',0,0,NULL,'1981-08-17 10:16:46','2021-03-22 22:07:32'),(61,61,87,'Ea molestiae culpa natus aspernatur et. Quam libero aut quasi commodi natus voluptatem exercitationem. Quibusdam laborum deleniti quasi ut non. Et voluptatem eos ipsam assumenda hic.',1,0,NULL,'1975-04-26 10:14:46','2021-03-22 22:07:32'),(62,62,93,'Aut et et maiores libero nisi velit. Et reiciendis odit quia aut. Voluptatem commodi accusantium expedita alias natus enim odit. Ducimus aut et minima.',0,0,NULL,'1997-09-18 23:07:31','2021-03-22 22:07:32'),(63,63,45,'Qui natus architecto ducimus repellat et quo quae. Magni voluptates adipisci occaecati et veniam qui. Animi quas facilis nisi eum. Voluptate et et omnis. Aspernatur omnis qui qui animi est saepe.',1,0,NULL,'2011-12-19 04:32:01','2021-03-22 22:07:32'),(64,64,32,'Et neque voluptates quia voluptatum corporis qui aut. Vero possimus ut et. Accusantium molestiae asperiores sed voluptatibus.',0,1,0,'2020-01-24 05:44:42','2021-03-22 22:07:35'),(65,65,76,'Corporis optio qui culpa aspernatur eum. Fuga quas similique harum et aspernatur. Quidem in enim soluta maiores eos enim.',0,1,1,'2011-04-30 11:35:15','2021-03-22 22:07:35'),(66,66,4,'Praesentium ipsa natus accusamus omnis porro. Voluptate illo et veniam qui et. Id magni nostrum dolor explicabo similique ducimus itaque est. Impedit iusto sit voluptate.',1,0,NULL,'2008-12-05 19:46:52','2021-03-22 22:07:32'),(67,67,34,'Error earum dolor hic magnam quisquam. Earum eum quasi deleniti. Cupiditate aliquam quia qui mollitia est.',1,1,0,'2002-12-10 18:38:21','2021-03-22 22:07:38'),(68,68,28,'Rerum rerum est non. Omnis consequuntur voluptatem deleniti et cupiditate natus. Consequatur veniam quibusdam non cumque ut inventore earum ut.',0,1,1,'2013-01-09 18:46:58','2021-03-22 22:07:38'),(69,69,59,'Quis occaecati quas sunt sapiente autem fugit aspernatur non. Ea asperiores ut debitis non vel. Sit sequi qui officia repudiandae et dolorem. Dolore magnam eos fugiat et.',1,1,1,'1992-07-12 13:24:39','2021-03-22 22:07:35'),(70,70,35,'Similique nemo esse aut consequatur praesentium veniam eum ratione. Voluptas laborum sint voluptas sit. Recusandae facere quis perspiciatis vel ut qui. Et debitis est veniam itaque dolorem fuga.',1,0,NULL,'1995-03-01 15:51:35','2021-03-22 22:07:32'),(71,71,82,'Modi sed dolorum voluptas saepe. Architecto sed ut iusto quas vel. Omnis in eius pariatur deleniti et velit. Minus aut voluptatem repellat provident aliquam.',1,0,NULL,'2003-11-28 22:47:27','2021-03-22 22:07:32'),(72,72,18,'Eum cupiditate ut quisquam temporibus incidunt rem sapiente iure. Esse corrupti dolorem sunt. Magnam nostrum temporibus soluta aspernatur dolorem. Dolore nulla amet quaerat eos animi commodi omnis. Molestiae rerum dolores fuga hic.',0,0,NULL,'1985-12-29 11:04:13','2021-03-22 22:07:32'),(73,73,53,'Facere modi quis iusto placeat laudantium ullam nobis. Eligendi cumque est illo modi ducimus eveniet adipisci. Est et animi perspiciatis et vitae qui.',0,0,NULL,'1990-10-16 22:31:35','2021-03-22 22:07:32'),(74,74,52,'Perferendis doloremque eaque accusamus quos beatae aliquam. Tempora dignissimos possimus expedita consequuntur. Dolor at et quam vel odit sed voluptas.',1,0,NULL,'1990-11-11 09:48:45','2021-03-22 22:07:32'),(75,75,68,'Sint eveniet sit et in ipsa nam cupiditate. Amet sed totam sunt ut expedita expedita adipisci. Eos quo non minima accusantium voluptas neque. Saepe culpa cupiditate ipsam recusandae commodi distinctio.',0,1,0,'1989-10-31 04:25:46','2021-03-22 22:07:38'),(76,76,34,'Consectetur neque alias molestias rerum quasi voluptatum. Ea sint nemo sed omnis odit sint. Voluptatem autem autem adipisci dolor unde exercitationem facere. Maiores dignissimos ut dolor enim rerum. Est doloribus suscipit architecto nobis.',0,0,NULL,'1984-07-29 02:27:56','2021-03-22 22:07:32'),(77,77,1,'Ut quas esse voluptas molestiae. Facilis voluptatum molestiae omnis et aut. Ut explicabo perferendis explicabo perspiciatis est voluptas est. Sit ut sunt omnis omnis non.',0,0,NULL,'1986-02-09 15:31:07','2021-03-22 22:07:32'),(78,78,41,'Sunt esse doloribus enim quod veniam aspernatur voluptatem. Rem aut at assumenda suscipit aut. Incidunt porro rem et.',0,1,0,'1988-06-22 00:03:46','2021-03-22 22:07:38'),(79,79,72,'Libero quia ut sit numquam officia ut. Maxime nam sunt aut nemo. Quasi molestiae dolorum laudantium et. Mollitia quia vero eum et dolores sit sed error.',1,1,1,'1980-04-22 07:09:30','2021-03-22 22:07:38'),(80,80,46,'Maxime tempora provident quasi et. Quia sit quas esse minima culpa.',0,1,0,'2019-01-14 04:28:20','2021-03-22 22:07:35'),(81,81,96,'Quia ut blanditiis dolor. Quia sunt unde aspernatur rem. Ullam fugiat tempore at pariatur harum rerum ipsa. Quo sint error ipsam laborum quidem doloribus.',1,0,NULL,'1990-01-27 11:37:55','2021-03-22 22:07:32'),(82,82,98,'Sed nulla id exercitationem quis doloremque unde architecto. Et asperiores quia ea exercitationem harum quasi id. Nisi quia fuga fuga fugiat.',0,1,1,'2018-01-25 12:47:01','2021-03-22 22:07:38'),(83,83,37,'Quia deleniti rerum a labore itaque id dolorem et. Ipsam voluptatem rerum delectus cumque modi.',0,1,1,'2006-01-28 14:32:13','2021-03-22 22:07:38'),(84,84,52,'Veritatis et doloremque iste iure dicta eius. Sit doloribus ab sit ut commodi numquam veritatis. Esse sed eius voluptas qui.',0,0,NULL,'2012-05-23 09:24:49','2021-03-22 22:07:32'),(85,85,25,'Et nihil ipsam et occaecati suscipit est. Perferendis ut sed molestiae ab tempora. Voluptatem totam ut vel odit et animi minima. Quae quibusdam sunt ab ipsam iusto distinctio.',0,1,0,'2003-08-16 10:22:57','2021-03-22 22:07:35'),(86,86,35,'Sit maxime officiis et dolorem dolorum dolor nihil. Molestiae repudiandae aut molestiae corporis sapiente totam. Esse aut ad ut.',0,1,0,'1973-11-20 18:53:20','2021-03-22 22:07:38'),(87,87,18,'Ex provident illo dolor voluptas vero officiis. In assumenda id eos quo occaecati. Et sunt ut qui ut aperiam accusantium. Aliquid qui cupiditate deserunt eum similique et.',0,0,NULL,'1970-09-30 11:41:02','2021-03-22 22:07:32'),(88,88,42,'Omnis voluptas facere magni aut. Dicta exercitationem possimus dolorum sint. Deserunt provident assumenda quam qui.',1,1,0,'1989-06-02 18:11:58','2021-03-22 22:07:38'),(89,89,33,'Omnis veniam ducimus minima voluptatem. Dolor minus recusandae sequi. Quo doloribus laboriosam vel dignissimos eum deleniti.',0,0,NULL,'2001-08-13 11:19:52','2021-03-22 22:07:32'),(90,90,59,'Maxime eaque cupiditate voluptate et fugit vel. Quos libero sit et error eaque nihil dolores. Dolor odit ipsam aut pariatur explicabo vel. Sit ipsam dolorem est iusto voluptates laboriosam. Eum sapiente omnis aliquam voluptas fugiat sed rem.',1,1,0,'1995-08-13 19:46:16','2021-03-22 22:07:35'),(91,91,23,'Vero autem tenetur accusamus aut. Saepe natus consectetur quaerat enim tempora soluta voluptas. Velit perspiciatis velit vel nesciunt amet.',1,1,0,'1997-07-29 05:30:41','2021-03-22 22:07:38'),(92,92,31,'Aut quia excepturi odio autem. Dolores autem est amet autem quia quo laboriosam. Voluptas aspernatur fugiat blanditiis velit iure sunt.',0,0,NULL,'1971-09-08 11:46:26','2021-03-22 22:07:32'),(93,93,5,'Atque molestias distinctio enim qui vel minus. Et sint optio maxime eum illo ratione. Reiciendis in vitae maiores adipisci aperiam quae. Ut molestias dolore rerum.',0,0,NULL,'1993-12-07 11:21:40','2021-03-22 22:07:32'),(94,94,67,'Atque numquam dignissimos et aliquam illum repellat. Molestias delectus veniam nam ipsam. Reiciendis non voluptatem voluptas excepturi porro dicta et. Illum cupiditate dolorum reiciendis consequatur qui qui mollitia exercitationem. Provident nihil vel magnam officiis qui consequuntur hic.',1,0,NULL,'1976-09-04 10:30:48','2021-03-22 22:07:32'),(95,95,74,'Quas quaerat quia voluptas et non. Quidem commodi earum et quisquam. Porro maiores accusantium rem veritatis quasi culpa reprehenderit.',1,0,NULL,'1983-02-25 08:57:33','2021-03-22 22:07:32'),(96,96,71,'Aspernatur ut et facere autem dolore repudiandae et. Dicta sunt rem dolores repellat et consequuntur voluptas illum. Dolorem autem unde quasi facere et eum. Numquam quo molestiae ipsum in ullam provident corporis. Reprehenderit quos incidunt qui asperiores culpa.',0,0,NULL,'2005-03-05 15:46:43','2021-03-22 22:07:32'),(97,97,43,'Aut dolores perferendis vel praesentium ipsam perferendis deserunt. Sed molestiae ea architecto ad saepe. Harum esse dolore est incidunt ipsam corrupti. Labore sint architecto necessitatibus ut.',0,1,1,'1981-12-02 20:32:38','2021-03-22 22:07:35'),(98,98,80,'Voluptatem eos animi minima ipsum. Modi provident architecto ratione consequatur iste doloribus. Beatae voluptate itaque omnis repellat.',1,1,1,'2010-04-27 16:28:57','2021-03-22 22:07:35'),(99,99,40,'Dignissimos blanditiis voluptates unde sunt autem nihil. Ut quis sequi sit et. Cumque omnis et quaerat natus soluta. Voluptatum cumque ex totam sit quos voluptates. Rerum qui aut et cupiditate nihil exercitationem.',1,1,0,'1971-10-15 05:40:41','2021-03-22 22:07:38'),(100,100,89,'Consequatur corrupti quis assumenda. Consequatur qui corrupti pariatur voluptatem sit ad. Asperiores autem consequatur velit voluptatum repellat eum nisi.',1,1,1,'2020-09-26 11:48:13','2021-03-22 22:07:38');
/*!40000 ALTER TABLE `messages` ENABLE KEYS */;
UNLOCK TABLES;

--
-- Table structure for table `posts`
--

DROP TABLE IF EXISTS `posts`;
/*!40101 SET @saved_cs_client     = @@character_set_client */;
/*!50503 SET character_set_client = utf8mb4 */;
CREATE TABLE `posts` (
  `id` int unsigned NOT NULL AUTO_INCREMENT,
  `user_id` int unsigned NOT NULL,
  `community_id` int unsigned DEFAULT NULL,
  `head` varchar(255) DEFAULT NULL,
  `body` text NOT NULL,
  `is_public` tinyint(1) DEFAULT '1',
  `is_archived` tinyint(1) DEFAULT '0',
  `created_at` datetime DEFAULT CURRENT_TIMESTAMP,
  `updated_at` datetime DEFAULT CURRENT_TIMESTAMP ON UPDATE CURRENT_TIMESTAMP,
  PRIMARY KEY (`id`),
  KEY `posts_fk_user_id` (`user_id`),
  CONSTRAINT `posts_fk_user_id` FOREIGN KEY (`user_id`) REFERENCES `users` (`id`)
) ENGINE=InnoDB AUTO_INCREMENT=128 DEFAULT CHARSET=utf8mb4 COLLATE=utf8mb4_0900_ai_ci;
/*!40101 SET character_set_client = @saved_cs_client */;

--
-- Dumping data for table `posts`
--

LOCK TABLES `posts` WRITE;
/*!40000 ALTER TABLE `posts` DISABLE KEYS */;
INSERT INTO `posts` VALUES (1,15,NULL,'Sed','Sed nulla id exercitationem quis doloremque unde architecto. Et asperiores quia ea exercitationem harum quasi id. Nisi quia fuga fuga fugiat.',1,0,'2021-03-29 20:19:25','2021-03-29 20:19:25'),(2,65,NULL,'Sint','Sint architecto asperiores consequuntur. Voluptatem tempora repudiandae et ad aut dolore saepe. Dicta delectus est necessitatibus ut illo adipisci quaerat quae. Maxime deleniti deleniti qui dolores similique explicabo omnis.',1,0,'2021-03-29 20:19:25','2021-03-29 20:19:25'),(3,3,NULL,'Quae','Quae aut et aut ut. Velit voluptatem et labore suscipit expedita rerum sunt voluptatem.',1,0,'2021-03-29 20:19:25','2021-03-29 20:19:25'),(4,71,NULL,'Sint','Sint architecto asperiores consequuntur. Voluptatem tempora repudiandae et ad aut dolore saepe. Dicta delectus est necessitatibus ut illo adipisci quaerat quae. Maxime deleniti deleniti qui dolores similique explicabo omnis.',1,0,'2021-03-29 20:19:25','2021-03-29 20:19:25'),(5,11,NULL,'Modi','Modi sed dolorum voluptas saepe. Architecto sed ut iusto quas vel. Omnis in eius pariatur deleniti et velit. Minus aut voluptatem repellat provident aliquam.',1,0,'2021-03-29 20:19:25','2021-03-29 20:19:25'),(6,40,NULL,'Totam','Totam voluptas et est reiciendis. Ut deleniti modi nesciunt veritatis aliquid. Doloremque eos nihil et quaerat et ratione aliquid repellat. Eius repellendus saepe nesciunt ab.',1,0,'2021-03-29 20:19:25','2021-03-29 20:19:25'),(7,70,NULL,'Eum','Eum cupiditate ut quisquam temporibus incidunt rem sapiente iure. Esse corrupti dolorem sunt. Magnam nostrum temporibus soluta aspernatur dolorem. Dolore nulla amet quaerat eos animi commodi omnis. Molestiae rerum dolores fuga hic.',1,0,'2021-03-29 20:19:25','2021-03-29 20:19:25'),(8,67,NULL,'Esse','Esse consequatur voluptatem eos dolore. Magni odio dolore quis qui saepe ullam in corrupti. Eum laboriosam maiores minus rerum est. Blanditiis eum repudiandae inventore quas.',1,0,'2021-03-29 20:19:25','2021-03-29 20:19:25'),(9,47,NULL,'Quia','Quia ut blanditiis dolor. Quia sunt unde aspernatur rem. Ullam fugiat tempore at pariatur harum rerum ipsa. Quo sint error ipsam laborum quidem doloribus.',1,0,'2021-03-29 20:19:25','2021-03-29 20:19:25'),(10,76,NULL,'Veritatis','Veritatis et doloremque iste iure dicta eius. Sit doloribus ab sit ut commodi numquam veritatis. Esse sed eius voluptas qui.',1,0,'2021-03-29 20:19:25','2021-03-29 20:19:25'),(11,30,NULL,'Aut','Aut hic velit distinctio sit nihil accusamus. Iure vel culpa nihil. Soluta sunt commodi similique dolorem nostrum officia doloribus. Placeat culpa harum provident dolor consequatur molestiae rerum quam. Minus hic voluptates cupiditate unde dolorum non quasi velit.',1,0,'2021-03-29 20:19:25','2021-03-29 20:19:25'),(12,35,NULL,'Sint','Sint eveniet sit et in ipsa nam cupiditate. Amet sed totam sunt ut expedita expedita adipisci. Eos quo non minima accusantium voluptas neque. Saepe culpa cupiditate ipsam recusandae commodi distinctio.',1,0,'2021-03-29 20:19:25','2021-03-29 20:19:25'),(13,61,NULL,'Non','Non quaerat qui qui vel. Odio possimus iure et tempore dolorem. Magni sed voluptate quo labore assumenda.',1,0,'2021-03-29 20:19:25','2021-03-29 20:19:25'),(14,97,NULL,'Totam','Totam voluptas et est reiciendis. Ut deleniti modi nesciunt veritatis aliquid. Doloremque eos nihil et quaerat et ratione aliquid repellat. Eius repellendus saepe nesciunt ab.',1,0,'2021-03-29 20:19:25','2021-03-29 20:19:25'),(15,83,NULL,'Eum','Eum cupiditate ut quisquam temporibus incidunt rem sapiente iure. Esse corrupti dolorem sunt. Magnam nostrum temporibus soluta aspernatur dolorem. Dolore nulla amet quaerat eos animi commodi omnis. Molestiae rerum dolores fuga hic.',1,0,'2021-03-29 20:19:25','2021-03-29 20:19:25'),(16,33,NULL,'Quaerat','Quaerat hic itaque porro accusamus aut eum fugit. Dolores laboriosam fugiat voluptas tenetur quas atque. Laudantium accusantium vitae qui veritatis. Nihil autem adipisci voluptates. Quis delectus et rerum officiis quos assumenda vitae.',1,0,'2021-03-29 20:19:25','2021-03-29 20:19:25'),(17,35,NULL,'Incidunt','Incidunt ut molestias est modi ad. Vel voluptatum quidem et voluptas quasi quae maxime doloremque. Aut eos qui et consequatur.',1,0,'2021-03-29 20:19:25','2021-03-29 20:19:25'),(18,46,NULL,'Accusamus','Accusamus voluptatem totam facere est dicta delectus id nobis. Vitae dolor et nulla suscipit. Eos et est minima ex.',1,0,'2021-03-29 20:19:25','2021-03-29 20:19:25'),(19,28,NULL,'Sunt','Sunt esse doloribus enim quod veniam aspernatur voluptatem. Rem aut at assumenda suscipit aut. Incidunt porro rem et.',1,0,'2021-03-29 20:19:25','2021-03-29 20:19:25'),(20,54,NULL,'Iure','Iure possimus sed vel aut culpa est ut. Illum cupiditate repudiandae aliquam nesciunt velit suscipit. Vero ab fuga aut harum odio ullam. Dolor laborum eius nesciunt explicabo hic assumenda.',1,0,'2021-03-29 20:19:25','2021-03-29 20:19:25'),(21,19,NULL,'Sint','Sint architecto asperiores consequuntur. Voluptatem tempora repudiandae et ad aut dolore saepe. Dicta delectus est necessitatibus ut illo adipisci quaerat quae. Maxime deleniti deleniti qui dolores similique explicabo omnis.',1,0,'2021-03-29 20:19:25','2021-03-29 20:19:25'),(22,82,NULL,'Vero','Vero voluptas dolorum odit dolor non consequatur maiores. Natus sed aut et nobis cumque numquam. Dolore quo voluptatem a ea consequatur sit. Omnis error excepturi exercitationem voluptatum dolores cupiditate similique.',1,0,'2021-03-29 20:19:25','2021-03-29 20:19:25'),(23,60,NULL,'Maxime','Maxime eaque cupiditate voluptate et fugit vel. Quos libero sit et error eaque nihil dolores. Dolor odit ipsam aut pariatur explicabo vel. Sit ipsam dolorem est iusto voluptates laboriosam. Eum sapiente omnis aliquam voluptas fugiat sed rem.',1,0,'2021-03-29 20:19:25','2021-03-29 20:19:25'),(24,88,NULL,'Enim','Enim cumque et quas quibusdam ut velit. Eum quidem incidunt velit minima est. Dicta expedita eaque quam sunt. Autem ullam voluptatibus dolorem ut.',1,0,'2021-03-29 20:19:25','2021-03-29 20:19:25'),(25,1,NULL,'Illo','Illo laboriosam officiis vel dolore sapiente praesentium qui. Omnis est rerum dignissimos repellat dolores tenetur ex. Aut reiciendis unde explicabo atque. Ab eos accusamus aut sint.',1,0,'2021-03-29 20:19:25','2021-03-29 20:19:25'),(26,24,NULL,'Consequatur','Consequatur corrupti quis assumenda. Consequatur qui corrupti pariatur voluptatem sit ad. Asperiores autem consequatur velit voluptatum repellat eum nisi.',1,0,'2021-03-29 20:19:25','2021-03-29 20:19:25'),(27,23,NULL,'Quibusdam','Quibusdam sint enim enim laboriosam atque sunt. Rerum placeat cum voluptates unde. Non quisquam aut ut quos iure. Et ratione aut illum ullam tempora.',1,0,'2021-03-29 20:19:25','2021-03-29 20:19:25'),(28,84,NULL,'Rem','Rem libero sed quia facere expedita cum quas fuga. Distinctio assumenda sapiente quasi asperiores ut. Quia qui sunt omnis repudiandae. Rem aliquid recusandae et a.',1,0,'2021-03-29 20:19:25','2021-03-29 20:19:25'),(29,25,NULL,'Id','Id alias nostrum voluptas provident quis quae est. In atque doloremque recusandae dolorem modi. Voluptate voluptates ducimus et voluptatum voluptas. Repellendus temporibus est fugiat vel.',1,0,'2021-03-29 20:19:25','2021-03-29 20:19:25'),(30,94,NULL,'Quia','Quia deleniti rerum a labore itaque id dolorem et. Ipsam voluptatem rerum delectus cumque modi.',1,0,'2021-03-29 20:19:25','2021-03-29 20:19:25'),(31,10,NULL,'Rerum','Rerum molestias voluptas nostrum dolores. Eum et cumque dolores maxime et. Quae est fuga quaerat provident. Qui similique aspernatur ea quam maiores voluptate assumenda sed.',1,0,'2021-03-29 20:19:25','2021-03-29 20:19:25'),(32,44,NULL,'Maxime','Maxime tempora provident quasi et. Quia sit quas esse minima culpa.',1,0,'2021-03-29 20:19:25','2021-03-29 20:19:25'),(33,90,NULL,'Consectetur','Consectetur neque alias molestias rerum quasi voluptatum. Ea sint nemo sed omnis odit sint. Voluptatem autem autem adipisci dolor unde exercitationem facere. Maiores dignissimos ut dolor enim rerum. Est doloribus suscipit architecto nobis.',1,0,'2021-03-29 20:19:25','2021-03-29 20:19:25'),(34,91,NULL,'Vero','Vero autem tenetur accusamus aut. Saepe natus consectetur quaerat enim tempora soluta voluptas. Velit perspiciatis velit vel nesciunt amet.',1,0,'2021-03-29 20:19:25','2021-03-29 20:19:25'),(35,83,NULL,'Quia','Quia ut blanditiis dolor. Quia sunt unde aspernatur rem. Ullam fugiat tempore at pariatur harum rerum ipsa. Quo sint error ipsam laborum quidem doloribus.',1,0,'2021-03-29 20:19:25','2021-03-29 20:19:25'),(36,66,NULL,'Sunt','Sunt esse doloribus enim quod veniam aspernatur voluptatem. Rem aut at assumenda suscipit aut. Incidunt porro rem et.',1,0,'2021-03-29 20:19:25','2021-03-29 20:19:25'),(37,52,NULL,'Temporibus','Temporibus eaque provident omnis et. Nihil est reprehenderit inventore dolore sunt et. Hic adipisci deserunt incidunt aut similique. Provident deserunt similique inventore non nobis nihil labore temporibus. Vero ducimus at aut ea dicta omnis modi.',1,0,'2021-03-29 20:19:25','2021-03-29 20:19:25'),(38,12,NULL,'Reprehenderit','Reprehenderit non magnam debitis. Doloribus ratione velit et. Expedita est ipsa ipsa quas quo eligendi. Provident impedit velit consequatur et ea aliquid repellendus. Nam sit ipsum illum omnis.',1,0,'2021-03-29 20:19:25','2021-03-29 20:19:25'),(39,23,NULL,'Enim','Enim cumque et quas quibusdam ut velit. Eum quidem incidunt velit minima est. Dicta expedita eaque quam sunt. Autem ullam voluptatibus dolorem ut.',1,0,'2021-03-29 20:19:25','2021-03-29 20:19:25'),(40,31,NULL,'Perferendis','Perferendis doloremque eaque accusamus quos beatae aliquam. Tempora dignissimos possimus expedita consequuntur. Dolor at et quam vel odit sed voluptas.',1,0,'2021-03-29 20:19:25','2021-03-29 20:19:25'),(41,96,NULL,'Nisi','Nisi natus veritatis consequatur qui omnis. Veritatis occaecati et temporibus reprehenderit doloribus ipsam ut. Amet illum in ea ut a doloribus voluptatum.',1,0,'2021-03-29 20:19:25','2021-03-29 20:19:25'),(42,7,NULL,'Eaque','Eaque hic voluptas animi voluptas voluptas. Assumenda consequatur possimus et quae magni. Dolor aut qui veritatis odio.',1,0,'2021-03-29 20:19:25','2021-03-29 20:19:25'),(43,80,NULL,'Est','Est maxime voluptates autem laboriosam. Dolor omnis illum eligendi doloribus aut aspernatur eius. Pariatur quia et ipsum. Occaecati ipsum est in occaecati nostrum et.',1,0,'2021-03-29 20:19:25','2021-03-29 20:19:25'),(44,50,NULL,'Ut','Ut quas esse voluptas molestiae. Facilis voluptatum molestiae omnis et aut. Ut explicabo perferendis explicabo perspiciatis est voluptas est. Sit ut sunt omnis omnis non.',1,0,'2021-03-29 20:19:25','2021-03-29 20:19:25'),(45,45,NULL,'Autem','Autem rerum et omnis rerum blanditiis facilis. Aut ut voluptas ut ut et facere sint dolores. Quia est ut libero cupiditate optio. Eaque vel natus vitae illum nisi velit alias.',1,0,'2021-03-29 20:19:25','2021-03-29 20:19:25'),(46,20,NULL,'Rerum','Rerum molestias voluptas nostrum dolores. Eum et cumque dolores maxime et. Quae est fuga quaerat provident. Qui similique aspernatur ea quam maiores voluptate assumenda sed.',1,0,'2021-03-29 20:19:25','2021-03-29 20:19:25'),(47,91,NULL,'Numquam','Numquam quae laborum et. Dolores exercitationem non delectus nemo consequatur pariatur enim distinctio. In autem consequatur qui ipsa reiciendis libero. Nesciunt et autem modi est.',1,0,'2021-03-29 20:19:25','2021-03-29 20:19:25'),(48,97,NULL,'Omnis','Omnis veniam ducimus minima voluptatem. Dolor minus recusandae sequi. Quo doloribus laboriosam vel dignissimos eum deleniti.',1,0,'2021-03-29 20:19:25','2021-03-29 20:19:25'),(49,55,NULL,'Vero','Vero voluptas dolorum odit dolor non consequatur maiores. Natus sed aut et nobis cumque numquam. Dolore quo voluptatem a ea consequatur sit. Omnis error excepturi exercitationem voluptatum dolores cupiditate similique.',1,0,'2021-03-29 20:19:25','2021-03-29 20:19:25'),(50,73,NULL,'Rerum','Rerum rerum est non. Omnis consequuntur voluptatem deleniti et cupiditate natus. Consequatur veniam quibusdam non cumque ut inventore earum ut.',1,0,'2021-03-29 20:19:25','2021-03-29 20:19:25'),(51,22,NULL,'Aut','Aut dolores perferendis vel praesentium ipsam perferendis deserunt. Sed molestiae ea architecto ad saepe. Harum esse dolore est incidunt ipsam corrupti. Labore sint architecto necessitatibus ut.',1,0,'2021-03-29 20:19:25','2021-03-29 20:19:25'),(52,36,NULL,'Quis','Quis occaecati quas sunt sapiente autem fugit aspernatur non. Ea asperiores ut debitis non vel. Sit sequi qui officia repudiandae et dolorem. Dolore magnam eos fugiat et.',1,0,'2021-03-29 20:19:25','2021-03-29 20:19:25'),(53,20,NULL,'Rerum','Rerum molestias voluptas nostrum dolores. Eum et cumque dolores maxime et. Quae est fuga quaerat provident. Qui similique aspernatur ea quam maiores voluptate assumenda sed.',1,0,'2021-03-29 20:19:25','2021-03-29 20:19:25'),(54,20,NULL,'Ipsa','Ipsa esse quos dolores perspiciatis quaerat. Corrupti non ducimus repellat libero. Dolorem modi accusantium velit vel distinctio tempore et.',1,0,'2021-03-29 20:19:25','2021-03-29 20:19:25'),(55,57,NULL,'Nisi','Nisi natus veritatis consequatur qui omnis. Veritatis occaecati et temporibus reprehenderit doloribus ipsam ut. Amet illum in ea ut a doloribus voluptatum.',1,0,'2021-03-29 20:19:25','2021-03-29 20:19:25'),(56,47,NULL,'Maxime','Maxime tempora provident quasi et. Quia sit quas esse minima culpa.',1,0,'2021-03-29 20:19:25','2021-03-29 20:19:25'),(57,13,NULL,'Quibusdam','Quibusdam sint enim enim laboriosam atque sunt. Rerum placeat cum voluptates unde. Non quisquam aut ut quos iure. Et ratione aut illum ullam tempora.',1,0,'2021-03-29 20:19:25','2021-03-29 20:19:25'),(58,73,NULL,'Sint','Sint eveniet sit et in ipsa nam cupiditate. Amet sed totam sunt ut expedita expedita adipisci. Eos quo non minima accusantium voluptas neque. Saepe culpa cupiditate ipsam recusandae commodi distinctio.',1,0,'2021-03-29 20:19:25','2021-03-29 20:19:25'),(59,76,NULL,'Incidunt','Incidunt ut molestias est modi ad. Vel voluptatum quidem et voluptas quasi quae maxime doloremque. Aut eos qui et consequatur.',1,0,'2021-03-29 20:19:25','2021-03-29 20:19:25'),(60,3,NULL,'Aperiam','Aperiam quaerat eligendi sit in fugiat. Nesciunt iste aut aut voluptatem molestiae voluptatem consequuntur tempora. Sed repellendus nesciunt nam doloremque possimus ut eos. Distinctio distinctio numquam tenetur nobis. Maiores voluptates sit ut non sequi.',1,0,'2021-03-29 20:19:25','2021-03-29 20:19:25'),(61,90,NULL,'Rerum','Rerum vero aut porro illum magnam. Maiores eligendi quaerat neque mollitia ipsam. Quo autem et dicta. Exercitationem eligendi optio voluptatibus sapiente tempore.',1,0,'2021-03-29 20:19:25','2021-03-29 20:19:25'),(62,16,NULL,'Et','Et nihil ipsam et occaecati suscipit est. Perferendis ut sed molestiae ab tempora. Voluptatem totam ut vel odit et animi minima. Quae quibusdam sunt ab ipsam iusto distinctio.',1,0,'2021-03-29 20:19:25','2021-03-29 20:19:25'),(63,2,NULL,'Perferendis','Perferendis doloremque eaque accusamus quos beatae aliquam. Tempora dignissimos possimus expedita consequuntur. Dolor at et quam vel odit sed voluptas.',1,0,'2021-03-29 20:19:25','2021-03-29 20:19:25'),(64,57,NULL,'Sunt','Sunt veniam ad non soluta vero dicta rerum. Ut eos quia molestiae rerum mollitia molestias animi. Blanditiis consequuntur aut tempore aut. Voluptas unde adipisci facilis.',1,0,'2021-03-29 20:19:25','2021-03-29 20:19:25'),(65,81,NULL,'Veritatis','Veritatis et doloremque iste iure dicta eius. Sit doloribus ab sit ut commodi numquam veritatis. Esse sed eius voluptas qui.',1,0,'2021-03-29 20:19:25','2021-03-29 20:19:25'),(66,34,NULL,'Incidunt','Incidunt ut molestias est modi ad. Vel voluptatum quidem et voluptas quasi quae maxime doloremque. Aut eos qui et consequatur.',1,0,'2021-03-29 20:19:25','2021-03-29 20:19:25'),(67,55,NULL,'Accusamus','Accusamus voluptatem totam facere est dicta delectus id nobis. Vitae dolor et nulla suscipit. Eos et est minima ex.',1,0,'2021-03-29 20:19:25','2021-03-29 20:19:25'),(68,76,NULL,'Rem','Rem libero sed quia facere expedita cum quas fuga. Distinctio assumenda sapiente quasi asperiores ut. Quia qui sunt omnis repudiandae. Rem aliquid recusandae et a.',1,0,'2021-03-29 20:19:25','2021-03-29 20:19:25'),(69,83,NULL,'Reprehenderit','Reprehenderit non magnam debitis. Doloribus ratione velit et. Expedita est ipsa ipsa quas quo eligendi. Provident impedit velit consequatur et ea aliquid repellendus. Nam sit ipsum illum omnis.',1,0,'2021-03-29 20:19:25','2021-03-29 20:19:25'),(70,81,NULL,'Vero','Vero voluptas dolorum odit dolor non consequatur maiores. Natus sed aut et nobis cumque numquam. Dolore quo voluptatem a ea consequatur sit. Omnis error excepturi exercitationem voluptatum dolores cupiditate similique.',1,0,'2021-03-29 20:19:25','2021-03-29 20:19:25'),(71,38,NULL,'Aut','Aut et et maiores libero nisi velit. Et reiciendis odit quia aut. Voluptatem commodi accusantium expedita alias natus enim odit. Ducimus aut et minima.',1,0,'2021-03-29 20:19:25','2021-03-29 20:19:25'),(72,45,NULL,'Rerum','Rerum tempore dolorum sequi voluptatum rerum in. Voluptas inventore repudiandae excepturi cum sunt voluptas commodi. Velit pariatur est quo reprehenderit. Distinctio voluptatibus cumque atque molestias inventore.',1,0,'2021-03-29 20:19:25','2021-03-29 20:19:25'),(73,16,NULL,'Facere','Facere modi quis iusto placeat laudantium ullam nobis. Eligendi cumque est illo modi ducimus eveniet adipisci. Est et animi perspiciatis et vitae qui.',1,0,'2021-03-29 20:19:25','2021-03-29 20:19:25'),(74,36,NULL,'Sunt','Sunt veniam ad non soluta vero dicta rerum. Ut eos quia molestiae rerum mollitia molestias animi. Blanditiis consequuntur aut tempore aut. Voluptas unde adipisci facilis.',1,0,'2021-03-29 20:19:25','2021-03-29 20:19:25'),(75,70,NULL,'Consectetur','Consectetur vel eum cum unde est neque officiis. Nostrum et voluptas dolorem modi non libero ullam. Quos ratione necessitatibus quo tenetur mollitia est quo.',1,0,'2021-03-29 20:19:25','2021-03-29 20:19:25'),(76,3,NULL,'Id','Id alias nostrum voluptas provident quis quae est. In atque doloremque recusandae dolorem modi. Voluptate voluptates ducimus et voluptatum voluptas. Repellendus temporibus est fugiat vel.',1,0,'2021-03-29 20:19:25','2021-03-29 20:19:25'),(77,76,NULL,'Magni','Magni labore voluptatem impedit. Libero consequuntur magnam aut exercitationem corporis itaque est. Dicta ratione officiis voluptatem qui maiores. Itaque ut assumenda omnis labore.',1,0,'2021-03-29 20:19:25','2021-03-29 20:19:25'),(78,97,NULL,'Quo','Quo dolorem non amet non. Suscipit et natus totam exercitationem. Illo qui ipsam iusto dolorem sit voluptatibus quidem amet. Vel eum est mollitia quis vel enim ut.',1,0,'2021-03-29 20:19:25','2021-03-29 20:19:25'),(79,45,NULL,'Velit','Velit ullam ad laborum officia ut at sed. Ut vitae culpa adipisci est cupiditate doloremque enim. Magni consectetur vitae voluptas facere impedit et. Sit repellendus quo sequi nesciunt labore a in.',1,0,'2021-03-29 20:19:25','2021-03-29 20:19:25'),(80,74,NULL,'Et','Et nihil ipsam et occaecati suscipit est. Perferendis ut sed molestiae ab tempora. Voluptatem totam ut vel odit et animi minima. Quae quibusdam sunt ab ipsam iusto distinctio.',1,0,'2021-03-29 20:19:25','2021-03-29 20:19:25'),(81,18,NULL,'Atque','Atque molestias distinctio enim qui vel minus. Et sint optio maxime eum illo ratione. Reiciendis in vitae maiores adipisci aperiam quae. Ut molestias dolore rerum.',1,0,'2021-03-29 20:19:25','2021-03-29 20:19:25'),(82,80,NULL,'Voluptatem','Voluptatem eos animi minima ipsum. Modi provident architecto ratione consequatur iste doloribus. Beatae voluptate itaque omnis repellat.',1,0,'2021-03-29 20:19:25','2021-03-29 20:19:25'),(83,86,NULL,'Atque','Atque molestias distinctio enim qui vel minus. Et sint optio maxime eum illo ratione. Reiciendis in vitae maiores adipisci aperiam quae. Ut molestias dolore rerum.',1,0,'2021-03-29 20:19:25','2021-03-29 20:19:25'),(84,95,NULL,'Sint','Sint eveniet sit et in ipsa nam cupiditate. Amet sed totam sunt ut expedita expedita adipisci. Eos quo non minima accusantium voluptas neque. Saepe culpa cupiditate ipsam recusandae commodi distinctio.',1,0,'2021-03-29 20:19:25','2021-03-29 20:19:25'),(85,75,NULL,'Aut','Aut hic velit distinctio sit nihil accusamus. Iure vel culpa nihil. Soluta sunt commodi similique dolorem nostrum officia doloribus. Placeat culpa harum provident dolor consequatur molestiae rerum quam. Minus hic voluptates cupiditate unde dolorum non quasi velit.',1,0,'2021-03-29 20:19:25','2021-03-29 20:19:25'),(86,40,NULL,'Vero','Vero autem tenetur accusamus aut. Saepe natus consectetur quaerat enim tempora soluta voluptas. Velit perspiciatis velit vel nesciunt amet.',1,0,'2021-03-29 20:19:25','2021-03-29 20:19:25'),(87,37,NULL,'Velit','Velit distinctio aliquid ea aperiam molestiae sint ex. Eum error suscipit provident dolores beatae eum qui. Est aut nesciunt voluptatum voluptas et eligendi. Sit velit rerum voluptatem omnis incidunt.',1,0,'2021-03-29 20:19:25','2021-03-29 20:19:25'),(88,55,NULL,'Rem','Rem libero sed quia facere expedita cum quas fuga. Distinctio assumenda sapiente quasi asperiores ut. Quia qui sunt omnis repudiandae. Rem aliquid recusandae et a.',1,0,'2021-03-29 20:19:25','2021-03-29 20:19:25'),(89,36,NULL,'Magni','Magni labore voluptatem impedit. Libero consequuntur magnam aut exercitationem corporis itaque est. Dicta ratione officiis voluptatem qui maiores. Itaque ut assumenda omnis labore.',1,0,'2021-03-29 20:19:25','2021-03-29 20:19:25'),(90,96,NULL,'Aut','Aut doloribus quia autem minima repudiandae. Minima atque alias ipsum fugiat unde odit. Ullam corporis omnis reprehenderit cumque.',1,0,'2021-03-29 20:19:25','2021-03-29 20:19:25'),(91,64,NULL,'Non','Non quaerat qui qui vel. Odio possimus iure et tempore dolorem. Magni sed voluptate quo labore assumenda.',1,0,'2021-03-29 20:19:25','2021-03-29 20:19:25'),(92,90,NULL,'Nemo','Nemo nulla quia ipsum exercitationem ex aspernatur. Debitis qui delectus ut tenetur accusantium dolor rerum. Et eligendi quas qui eveniet voluptate.',1,0,'2021-03-29 20:19:25','2021-03-29 20:19:25'),(93,91,NULL,'Atque','Atque numquam dignissimos et aliquam illum repellat. Molestias delectus veniam nam ipsam. Reiciendis non voluptatem voluptas excepturi porro dicta et. Illum cupiditate dolorum reiciendis consequatur qui qui mollitia exercitationem. Provident nihil vel magnam officiis qui consequuntur hic.',1,0,'2021-03-29 20:19:25','2021-03-29 20:19:25'),(94,74,NULL,'Rerum','Rerum tempore dolorum sequi voluptatum rerum in. Voluptas inventore repudiandae excepturi cum sunt voluptas commodi. Velit pariatur est quo reprehenderit. Distinctio voluptatibus cumque atque molestias inventore.',1,0,'2021-03-29 20:19:25','2021-03-29 20:19:25'),(95,11,NULL,'Perferendis','Perferendis doloremque eaque accusamus quos beatae aliquam. Tempora dignissimos possimus expedita consequuntur. Dolor at et quam vel odit sed voluptas.',1,0,'2021-03-29 20:19:25','2021-03-29 20:19:25'),(96,76,NULL,'Autem','Autem rerum et omnis rerum blanditiis facilis. Aut ut voluptas ut ut et facere sint dolores. Quia est ut libero cupiditate optio. Eaque vel natus vitae illum nisi velit alias.',1,0,'2021-03-29 20:19:25','2021-03-29 20:19:25'),(97,37,NULL,'Aut','Aut doloribus quia autem minima repudiandae. Minima atque alias ipsum fugiat unde odit. Ullam corporis omnis reprehenderit cumque.',1,0,'2021-03-29 20:19:25','2021-03-29 20:19:25'),(98,6,NULL,'Praesentium','Praesentium ipsa natus accusamus omnis porro. Voluptate illo et veniam qui et. Id magni nostrum dolor explicabo similique ducimus itaque est. Impedit iusto sit voluptate.',1,0,'2021-03-29 20:19:25','2021-03-29 20:19:25'),(99,79,NULL,'Earum','Earum vero necessitatibus inventore velit non tenetur reiciendis. Laboriosam impedit voluptatem praesentium similique cum in. Qui corrupti odio debitis laboriosam.',1,0,'2021-03-29 20:19:25','2021-03-29 20:19:25'),(100,40,NULL,'Ut','Ut optio et et qui. Qui fuga molestiae sequi aut harum voluptates vitae et. Libero et labore aut et ut. Aut nam enim soluta.',1,0,'2021-03-29 20:19:25','2021-03-29 20:19:25');
/*!40000 ALTER TABLE `posts` ENABLE KEYS */;
UNLOCK TABLES;

--
-- Table structure for table `profiles`
--

DROP TABLE IF EXISTS `profiles`;
/*!40101 SET @saved_cs_client     = @@character_set_client */;
/*!50503 SET character_set_client = utf8mb4 */;
CREATE TABLE `profiles` (
  `user_id` int unsigned NOT NULL COMMENT 'Ссылка на пользователя',
  `first_name` varchar(100) COLLATE utf8mb4_unicode_ci NOT NULL COMMENT 'Имя пользователя',
  `last_name` varchar(100) COLLATE utf8mb4_unicode_ci NOT NULL COMMENT 'Фамилия пользователя',
  `patronymic_name` varchar(100) COLLATE utf8mb4_unicode_ci DEFAULT NULL COMMENT 'Отчество пользователя',
  `gender_id` int unsigned DEFAULT NULL,
  `birthday` date DEFAULT NULL COMMENT 'Дата рождения',
  `photo_id` int unsigned DEFAULT NULL COMMENT 'Ссылка на основную фотографию пользователя',
  `user_status_id` int unsigned DEFAULT NULL,
  `city` varchar(130) CHARACTER SET utf8mb4 COLLATE utf8mb4_unicode_ci DEFAULT NULL COMMENT 'Город проживания',
  `country` varchar(130) CHARACTER SET utf8mb4 COLLATE utf8mb4_unicode_ci DEFAULT NULL COMMENT 'Страна проживания',
  `created_at` datetime DEFAULT CURRENT_TIMESTAMP COMMENT 'Время создания строки',
  `updated_at` datetime DEFAULT CURRENT_TIMESTAMP ON UPDATE CURRENT_TIMESTAMP COMMENT 'Время обновления строки',
  PRIMARY KEY (`user_id`),
  KEY `profiles_fk_gender_id` (`gender_id`),
  KEY `profiles_fk_user_status_id` (`user_status_id`),
  CONSTRAINT `profiles_fk_gender_id` FOREIGN KEY (`gender_id`) REFERENCES `gender` (`id`) ON DELETE SET NULL,
  CONSTRAINT `profiles_fk_user_id` FOREIGN KEY (`user_id`) REFERENCES `users` (`id`) ON DELETE CASCADE,
  CONSTRAINT `profiles_fk_user_status_id` FOREIGN KEY (`user_status_id`) REFERENCES `user_statuses` (`id`)
) ENGINE=InnoDB DEFAULT CHARSET=utf8mb4 COLLATE=utf8mb4_unicode_ci COMMENT='Профили';
/*!40101 SET character_set_client = @saved_cs_client */;

--
-- Dumping data for table `profiles`
--

LOCK TABLES `profiles` WRITE;
/*!40000 ALTER TABLE `profiles` DISABLE KEYS */;
INSERT INTO `profiles` VALUES (1,'Alexandro','Botsford','Alexandro',1,'2008-10-08',NULL,2,'North Thomasmouth','Latvia','1978-07-24 23:22:42','2021-03-22 22:07:44'),(2,'Rosa','Hettinger','Rosa',2,'2002-07-14',NULL,1,'East Brooklyn','Saint Pierre and Miquelon','1971-03-05 03:27:30','2021-03-22 22:07:44'),(3,'Tina','Jones','Tina',2,'1995-10-03',NULL,2,'New Blaisetown','Sweden','2010-04-22 03:19:01','2021-03-22 22:07:44'),(4,'Aric','Wyman','Aric',1,'2020-09-21',NULL,3,'Majorland','Barbados','1970-10-17 01:08:16','2021-03-22 22:07:44'),(5,'Corine','Cremin','Corine',1,'2006-05-02',NULL,2,'Port Ottismouth','Antigua and Barbuda','1989-07-11 03:23:19','2021-03-22 22:07:44'),(6,'Trevor','Goyette','Trevor',1,'2019-07-02',NULL,1,'South Sarah','Honduras','2008-04-07 13:57:21','2021-03-22 22:07:44'),(7,'Elouise','Price','Elouise',1,'2003-02-14',NULL,2,'West Reynabury','Namibia','2008-07-27 00:11:28','2021-03-22 22:07:44'),(8,'Royal','McLaughlin','Royal',2,'2017-04-04',NULL,3,'West Logan','Nepal','1977-10-08 04:02:34','2021-03-22 22:07:44'),(9,'Zelma','Hettinger','Zelma',1,'2018-07-14',NULL,2,'Gabemouth','Norway','2012-12-01 03:02:33','2021-03-22 22:07:44'),(10,'Camille','Collier','Camille',2,'2005-08-27',10,4,'Schultzfort','Djibouti','1973-01-14 07:52:56','2021-03-22 22:07:44'),(11,'Merlin','Baumbach','Merlin',2,'1976-05-18',NULL,4,'Demondside','Haiti','2012-10-12 03:14:19','2021-03-22 22:07:44'),(12,'Eleanore','Kozey','Eleanore',1,'1996-01-28',12,2,'North Leon','United States Minor Outlying Islands','1984-07-08 20:19:15','2021-03-22 22:07:44'),(13,'Corrine','Cassin','Corrine',1,'2010-12-03',NULL,3,'Sylvanshire','Korea','1995-12-17 00:59:48','2021-03-22 22:07:44'),(14,'Jannie','Medhurst','Jannie',2,'1985-09-04',NULL,1,'Hellerside','Uzbekistan','2020-11-17 12:14:50','2021-03-22 22:07:44'),(15,'Florine','Cartwright','Florine',1,'2009-05-15',NULL,1,'East Dallinbury','Portugal','1988-06-02 10:43:26','2021-03-22 22:07:44'),(16,'Tevin','Gutkowski','Tevin',1,'2010-02-18',NULL,2,'New Ramirobury','French Southern Territories','1999-08-15 04:35:10','2021-03-22 22:07:44'),(17,'Maybelle','Aufderhar','Maybelle',1,'1987-07-20',17,3,'Tylertown','India','1998-03-01 05:15:50','2021-03-22 22:07:44'),(18,'Lula','Carroll','Lula',1,'1980-01-03',18,3,'South Alfredafort','Ethiopia','1986-07-06 06:55:57','2021-03-22 22:07:44'),(19,'Sibyl','Kohler','Sibyl',1,'2002-04-06',NULL,2,'Chasityborough','Gabon','1985-03-24 19:46:31','2021-03-22 22:07:44'),(20,'Percival','Schumm','Percival',2,'1971-09-10',NULL,2,'Franciscoberg','United States Minor Outlying Islands','1975-03-07 10:24:02','2021-03-22 22:07:44'),(21,'Gennaro','Bartell','Gennaro',2,'2014-10-11',21,3,'Denesikton','Zimbabwe','1987-10-11 20:34:16','2021-03-22 22:07:44'),(22,'Aracely','Reinger','Aracely',2,'1998-06-20',NULL,4,'Gladystown','Mali','1975-08-21 14:26:54','2021-03-22 22:07:44'),(23,'Sylvan','Blanda','Sylvan',1,'1970-11-18',23,4,'Lake Darienport','South Georgia and the South Sandwich Islands','1990-12-08 19:57:21','2021-03-22 22:07:44'),(24,'Mateo','Thompson','Mateo',1,'1977-04-18',24,4,'Fritschburgh','Morocco','1974-03-29 12:36:26','2021-03-22 22:07:44'),(25,'Timmy','Sipes','Timmy',2,'1971-02-22',25,1,'Cummingsmouth','France','1978-06-05 11:05:11','2021-03-22 22:07:44'),(26,'Zora','Prohaska','Zora',1,'1970-11-19',NULL,1,'Lake Kiarraport','Ethiopia','2008-06-03 03:56:34','2021-03-22 22:07:44'),(27,'Ernestina','Nikolaus','Ernestina',2,'2003-12-12',NULL,2,'Christaborough','Guam','1972-08-02 04:42:09','2021-03-22 22:07:44'),(28,'Lauryn','Cassin','Lauryn',2,'1999-11-12',NULL,1,'Toneychester','Djibouti','1970-03-16 13:51:25','2021-03-22 22:07:44'),(29,'Jared','Tillman','Jared',2,'2009-09-01',NULL,3,'Britneychester','Pakistan','1998-03-07 03:35:05','2021-03-22 22:07:44'),(30,'Kevin','Rice','Kevin',1,'1976-09-05',NULL,4,'Port Kenny','French Guiana','1970-02-14 03:41:43','2021-03-22 22:07:44'),(31,'Claude','Douglas','Claude',2,'1979-11-23',31,4,'North Madelynn','Martinique','2018-02-14 02:33:01','2021-03-22 22:07:44'),(32,'Lilian','Bednar','Lilian',1,'1979-07-31',NULL,4,'O\'Connellshire','Cuba','1978-08-06 18:15:56','2021-03-22 22:07:44'),(33,'Emile','Lebsack','Emile',1,'1980-09-03',NULL,4,'McGlynnfurt','Lesotho','2001-01-27 01:10:49','2021-03-22 22:07:44'),(34,'Willy','Walter','Willy',1,'2001-04-03',34,1,'Port Jessyville','Peru','1989-04-21 18:46:52','2021-03-22 22:07:44'),(35,'Miracle','Leffler','Miracle',2,'1983-12-31',NULL,1,'Runolfsdottirchester','Turkey','2014-05-29 11:37:26','2021-03-22 22:07:44'),(36,'Valentine','Barrows','Valentine',1,'1983-06-09',36,3,'Terrychester','Benin','1995-07-20 19:50:04','2021-03-22 22:07:44'),(37,'Jamarcus','Botsford','Jamarcus',1,'1994-02-20',NULL,1,'Emeraldberg','New Zealand','2013-09-22 08:35:22','2021-03-22 22:07:44'),(38,'Eileen','Tillman','Eileen',2,'1980-03-02',NULL,1,'Lake Nola','Hungary','2006-04-07 08:34:09','2021-03-22 22:07:44'),(39,'Eleanore','Jast','Eleanore',2,'2021-01-15',39,3,'Darbytown','Cuba','1975-07-13 09:47:15','2021-03-22 22:07:44'),(40,'Jenifer','Skiles','Jenifer',1,'1972-11-27',40,3,'West Herminia','Bulgaria','1993-08-17 22:43:51','2021-03-22 22:07:44'),(41,'Aryanna','Block','Aryanna',1,'2013-07-23',NULL,2,'Leslyton','Ethiopia','2017-11-21 14:37:01','2021-03-22 22:07:44'),(42,'Lulu','Larson','Lulu',2,'1979-08-01',NULL,2,'Francescaview','United States Minor Outlying Islands','1973-06-30 15:25:41','2021-03-22 22:07:44'),(43,'Justice','Rau','Justice',1,'1986-01-13',NULL,2,'North Barryshire','Martinique','2003-04-29 03:43:33','2021-03-22 22:07:44'),(44,'Damian','Murphy','Damian',1,'2001-03-27',NULL,4,'Hackettview','Fiji','1996-01-30 04:51:34','2021-03-22 22:07:44'),(45,'Audra','Kassulke','Audra',1,'1970-05-07',NULL,4,'Lemkechester','Dominican Republic','2013-12-04 06:42:28','2021-03-22 22:07:44'),(46,'Jeanie','Thompson','Jeanie',2,'2012-08-17',NULL,4,'South Margarettmouth','New Zealand','1995-02-28 15:09:49','2021-03-22 22:07:44'),(47,'Amya','Green','Amya',2,'1985-08-11',NULL,3,'Ariannafurt','Hong Kong','2009-05-21 09:42:26','2021-03-22 22:07:44'),(48,'Elsa','Brakus','Elsa',2,'1980-03-29',NULL,2,'Port Gersonberg','British Virgin Islands','1982-01-09 15:28:44','2021-03-22 22:07:44'),(49,'Constantin','Anderson','Constantin',2,'1975-09-22',NULL,2,'Lake Martina','Cameroon','1987-09-07 01:46:54','2021-03-22 22:07:44'),(50,'Madge','Monahan','Madge',2,'2006-04-10',NULL,1,'South Karianeport','Saint Lucia','1992-04-13 19:38:03','2021-03-22 22:07:44'),(51,'Greyson','Bernier','Greyson',1,'1977-08-13',NULL,4,'Elnorachester','Burkina Faso','2016-10-03 22:24:25','2021-03-22 22:07:44'),(52,'Raegan','Collier','Raegan',2,'2005-08-19',52,4,'New Myrl','Sao Tome and Principe','1981-11-13 05:09:59','2021-03-22 22:07:44'),(53,'Alice','Mitchell','Alice',2,'2005-01-14',NULL,2,'Andersonland','Latvia','1970-09-08 22:08:47','2021-03-22 22:07:44'),(54,'Terrell','Hermiston','Terrell',1,'2001-12-17',NULL,4,'Waelchiberg','British Virgin Islands','1977-04-08 18:26:46','2021-03-22 22:07:44'),(55,'Florencio','Ferry','Florencio',2,'1970-06-20',NULL,1,'West Marcfort','Lebanon','2014-05-12 05:00:42','2021-03-22 22:07:44'),(56,'Rudolph','Stamm','Rudolph',2,'1971-11-11',56,2,'Yoshikofurt','Marshall Islands','2017-06-17 02:00:45','2021-03-22 22:07:44'),(57,'Emery','Botsford','Emery',2,'1977-03-21',57,2,'Mitchellmouth','Madagascar','2004-09-14 05:17:20','2021-03-22 22:07:44'),(58,'Reese','Koch','Reese',2,'1991-03-22',NULL,1,'Jaylanville','Timor-Leste','2013-03-26 02:47:21','2021-03-22 22:07:44'),(59,'Aurelio','Wilderman','Aurelio',2,'1973-01-16',NULL,4,'Lake Carter','Croatia','1998-12-23 23:10:22','2021-03-22 22:07:44'),(60,'Heaven','Friesen','Heaven',1,'2020-01-07',NULL,3,'Allenestad','Isle of Man','1996-11-08 09:17:54','2021-03-22 22:07:44'),(61,'Donna','Doyle','Donna',2,'1971-12-22',NULL,2,'Maximeborough','Dominica','1998-02-12 10:02:31','2021-03-22 22:07:44'),(62,'Elisa','Mosciski','Elisa',1,'1977-05-06',NULL,4,'Robertsview','Cyprus','1973-07-06 16:26:00','2021-03-22 22:07:44'),(63,'Nathanael','Fahey','Nathanael',1,'1995-12-07',NULL,1,'North Nanniestad','Algeria','1980-07-16 21:03:17','2021-03-22 22:07:44'),(64,'Ottis','Rosenbaum','Ottis',2,'2010-03-24',NULL,4,'Lake Dino','Cote d\'Ivoire','1996-07-26 08:34:03','2021-03-22 22:07:44'),(65,'Davonte','Weissnat','Davonte',1,'1992-09-07',65,4,'West Gloria','Uzbekistan','2019-03-23 18:03:34','2021-03-22 22:07:44'),(66,'Torrance','McCullough','Torrance',2,'2017-05-22',NULL,4,'South Jaydeview','Singapore','1985-03-09 09:21:24','2021-03-22 22:07:44'),(67,'Danny','Nienow','Danny',2,'1987-05-29',NULL,4,'Port Janetburgh','Tuvalu','1998-02-11 17:47:33','2021-03-22 22:07:44'),(68,'Cedrick','Streich','Cedrick',2,'1984-05-20',NULL,4,'Stephanyville','Cook Islands','1975-12-06 06:43:25','2021-03-22 22:07:44'),(69,'Kenton','Wiza','Kenton',2,'1996-12-15',NULL,3,'Bartolettimouth','Colombia','1995-02-24 06:27:45','2021-03-22 22:07:44'),(70,'Bryce','Schamberger','Bryce',1,'2010-08-01',70,3,'Joanneview','New Zealand','1971-05-03 21:51:33','2021-03-22 22:07:44'),(71,'Lenore','Prosacco','Lenore',2,'2016-10-25',NULL,1,'West Murphytown','Western Sahara','1998-04-22 13:05:12','2021-03-22 22:07:44'),(72,'Sheila','Johns','Sheila',1,'1984-12-16',72,1,'O\'Keefeside','Bermuda','2015-05-15 20:00:33','2021-03-22 22:07:44'),(73,'Zander','Hagenes','Zander',1,'1985-05-22',NULL,4,'Kubfurt','Benin','2002-04-15 09:45:52','2021-03-22 22:07:44'),(74,'Anibal','Rippin','Anibal',1,'2008-02-26',NULL,3,'Garrickmouth','Myanmar','2013-10-01 07:44:10','2021-03-22 22:07:44'),(75,'Kyra','Ondricka','Kyra',2,'2006-03-29',NULL,4,'Port Alexville','Croatia','2018-12-15 05:40:40','2021-03-22 22:07:44'),(76,'Conor','Hayes','Conor',2,'2014-03-16',76,3,'North Karleefort','Saint Barthelemy','2000-01-12 02:03:22','2021-03-22 22:07:44'),(77,'Ivory','O\'Keefe','Ivory',1,'2005-10-09',77,1,'Dickinsonton','Saint Pierre and Miquelon','1996-09-23 07:16:48','2021-03-22 22:07:44'),(78,'Nathanael','Johns','Nathanael',2,'1981-01-10',78,2,'Carolynemouth','Somalia','1977-07-21 03:14:11','2021-03-22 22:07:44'),(79,'Alexander','Howe','Alexander',2,'1983-09-16',NULL,1,'Lueilwitzland','Papua New Guinea','2006-07-23 05:17:51','2021-03-22 22:07:44'),(80,'Karlie','Little','Karlie',1,'1974-11-24',NULL,4,'New Jaclyn','Netherlands Antilles','2019-02-15 18:48:47','2021-03-22 22:07:44'),(81,'Laney','Zieme','Laney',1,'1999-10-04',81,3,'West Gilbert','Angola','2015-01-05 05:19:05','2021-03-22 22:07:44'),(82,'Ashleigh','Hirthe','Ashleigh',1,'1991-02-05',NULL,4,'West Danielle','Mozambique','2015-11-06 04:33:19','2021-03-22 22:07:44'),(83,'Marcella','Davis','Marcella',1,'2020-04-17',83,3,'West Eloisa','Afghanistan','2006-12-30 06:50:44','2021-03-22 22:07:44'),(84,'Princess','Howe','Princess',1,'2015-11-13',NULL,2,'Dannychester','Tonga','2005-03-08 09:26:17','2021-03-22 22:07:44'),(85,'Kelton','Haley','Kelton',1,'1990-12-03',NULL,4,'Shadchester','Spain','1973-12-26 23:38:11','2021-03-22 22:07:44'),(86,'Concepcion','Kunde','Concepcion',1,'1995-10-21',NULL,3,'Turnershire','Guam','1988-11-05 22:45:41','2021-03-22 22:07:44'),(87,'Kane','Rath','Kane',1,'1998-01-26',87,4,'Virgieton','India','2017-03-10 14:56:32','2021-03-22 22:07:44'),(88,'Garry','Schamberger','Garry',1,'2008-04-03',NULL,2,'North Mariam','Montserrat','1995-12-30 02:52:43','2021-03-22 22:07:44'),(89,'Hilario','Stark','Hilario',1,'1998-12-05',89,3,'Shyanneside','Bermuda','1977-08-22 15:32:08','2021-03-22 22:07:44'),(90,'Casimir','Fritsch','Casimir',1,'2007-08-19',NULL,1,'North Tanner','Albania','2015-10-30 19:54:57','2021-03-22 22:07:44'),(91,'Reanna','Mann','Reanna',1,'1970-03-18',91,2,'Gaylordfort','Tanzania','1972-05-17 07:48:43','2021-03-22 22:07:44'),(92,'Bennie','Baumbach','Bennie',2,'1978-11-19',92,4,'Clovisbury','Sudan','1981-12-28 00:43:21','2021-03-22 22:07:44'),(93,'Violet','Bednar','Violet',1,'2001-05-25',NULL,2,'West Elenaville','American Samoa','1999-03-19 15:48:58','2021-03-22 22:07:44'),(94,'Ari','Grady','Ari',2,'2011-09-07',94,1,'East Norma','South Georgia and the South Sandwich Islands','1984-12-24 12:50:17','2021-03-22 22:07:44'),(95,'Zakary','Ondricka','Zakary',2,'1997-11-30',NULL,2,'Port Corbin','Congo','1997-08-25 21:02:55','2021-03-22 22:07:44'),(96,'Annalise','Stamm','Annalise',2,'1997-07-29',NULL,2,'Emmittville','Rwanda','2013-07-04 03:17:04','2021-03-22 22:07:44'),(97,'Kavon','Kub','Kavon',1,'1973-12-25',NULL,3,'Lake Euna','Canada','1994-06-02 09:45:53','2021-03-22 22:07:44'),(98,'Sheldon','Koepp','Sheldon',1,'1975-11-07',NULL,4,'Uniqueburgh','Guinea-Bissau','2004-04-07 12:51:24','2021-03-22 22:07:44'),(99,'Keyon','Daugherty','Keyon',1,'2003-03-18',99,1,'Larsonside','United States Minor Outlying Islands','2004-09-05 09:35:22','2021-03-22 22:07:44'),(100,'Velda','Robel','Velda',1,'2016-10-07',NULL,1,'North Urban','Philippines','1975-05-13 19:09:17','2021-03-22 22:07:44');
/*!40000 ALTER TABLE `profiles` ENABLE KEYS */;
UNLOCK TABLES;

--
-- Table structure for table `target_types`
--

DROP TABLE IF EXISTS `target_types`;
/*!40101 SET @saved_cs_client     = @@character_set_client */;
/*!50503 SET character_set_client = utf8mb4 */;
CREATE TABLE `target_types` (
  `id` int unsigned NOT NULL AUTO_INCREMENT COMMENT 'Идентификатор строки',
  `name` varchar(255) NOT NULL COMMENT 'Название типа',
  `created_at` datetime DEFAULT CURRENT_TIMESTAMP COMMENT 'Время создания строки',
  `updated_at` datetime DEFAULT CURRENT_TIMESTAMP ON UPDATE CURRENT_TIMESTAMP COMMENT 'Время обновления строки',
  PRIMARY KEY (`id`),
  UNIQUE KEY `name` (`name`)
) ENGINE=InnoDB AUTO_INCREMENT=5 DEFAULT CHARSET=utf8mb4 COLLATE=utf8mb4_0900_ai_ci COMMENT='Типы объектов лайков';
/*!40101 SET character_set_client = @saved_cs_client */;

--
-- Dumping data for table `target_types`
--

LOCK TABLES `target_types` WRITE;
/*!40000 ALTER TABLE `target_types` DISABLE KEYS */;
INSERT INTO `target_types` VALUES (1,'messages','2021-03-29 20:18:57','2021-03-29 20:18:57'),(2,'users','2021-03-29 20:18:57','2021-03-29 20:18:57'),(3,'media','2021-03-29 20:18:57','2021-03-29 20:18:57'),(4,'posts','2021-03-29 20:18:57','2021-03-29 20:18:57');
/*!40000 ALTER TABLE `target_types` ENABLE KEYS */;
UNLOCK TABLES;

--
-- Table structure for table `user_statuses`
--

DROP TABLE IF EXISTS `user_statuses`;
/*!40101 SET @saved_cs_client     = @@character_set_client */;
/*!50503 SET character_set_client = utf8mb4 */;
CREATE TABLE `user_statuses` (
  `id` int unsigned NOT NULL AUTO_INCREMENT COMMENT 'Идентификатор строки',
  `name` varchar(100) NOT NULL COMMENT 'Название статуса',
  `created_at` datetime NOT NULL DEFAULT CURRENT_TIMESTAMP COMMENT 'Время создания строки',
  `updated_at` datetime DEFAULT CURRENT_TIMESTAMP ON UPDATE CURRENT_TIMESTAMP COMMENT 'Время обновления строки',
  PRIMARY KEY (`id`)
) ENGINE=InnoDB AUTO_INCREMENT=5 DEFAULT CHARSET=utf8mb4 COLLATE=utf8mb4_0900_ai_ci COMMENT='Справочник статусов пользователя';
/*!40101 SET character_set_client = @saved_cs_client */;

--
-- Dumping data for table `user_statuses`
--

LOCK TABLES `user_statuses` WRITE;
/*!40000 ALTER TABLE `user_statuses` DISABLE KEYS */;
INSERT INTO `user_statuses` VALUES (1,'Single','2021-03-22 22:06:19','2021-03-22 22:06:19'),(2,'Married','2021-03-22 22:06:19','2021-03-22 22:06:19'),(3,'Single','2021-03-22 22:06:36','2021-03-22 22:06:36'),(4,'Married','2021-03-22 22:06:36','2021-03-22 22:06:36');
/*!40000 ALTER TABLE `user_statuses` ENABLE KEYS */;
UNLOCK TABLES;

--
-- Table structure for table `users`
--

DROP TABLE IF EXISTS `users`;
/*!40101 SET @saved_cs_client     = @@character_set_client */;
/*!50503 SET character_set_client = utf8mb4 */;
CREATE TABLE `users` (
  `id` int unsigned NOT NULL AUTO_INCREMENT COMMENT 'Идентификатор строки',
  `email` varchar(100) CHARACTER SET utf8mb4 COLLATE utf8mb4_unicode_ci NOT NULL COMMENT 'Почта',
  `phone` varchar(100) CHARACTER SET utf8mb4 COLLATE utf8mb4_unicode_ci NOT NULL COMMENT 'Телефон',
  `created_at` datetime DEFAULT CURRENT_TIMESTAMP COMMENT 'Время создания строки',
  `updated_at` datetime DEFAULT CURRENT_TIMESTAMP ON UPDATE CURRENT_TIMESTAMP COMMENT 'Время обновления строки',
  PRIMARY KEY (`id`),
  UNIQUE KEY `email` (`email`),
  UNIQUE KEY `phone` (`phone`)
) ENGINE=InnoDB AUTO_INCREMENT=101 DEFAULT CHARSET=utf8mb4 COLLATE=utf8mb4_unicode_ci COMMENT='Пользователи';
/*!40101 SET character_set_client = @saved_cs_client */;

--
-- Dumping data for table `users`
--

LOCK TABLES `users` WRITE;
/*!40000 ALTER TABLE `users` DISABLE KEYS */;
INSERT INTO `users` VALUES (1,'stokes.wilburn@example.org','873-520-9847x676','2013-09-30 19:39:12','1977-07-25 11:17:05'),(2,'frenner@example.org','826.620.2223','2020-05-13 03:57:51','1978-09-13 10:44:46'),(3,'mittie.schuppe@example.net','886-144-6919','2010-02-08 17:06:12','1986-05-20 02:30:02'),(4,'vgislason@example.net','(091)888-5111x013','2008-10-17 00:38:26','1973-10-02 12:58:01'),(5,'louie.trantow@example.org','867.385.4736x085','2002-01-18 04:07:15','2016-02-01 17:24:47'),(6,'ereynolds@example.org','007.181.7815','1972-01-25 12:34:44','2013-09-30 02:19:58'),(7,'smith.kathryne@example.org','588.657.0406','1995-12-18 19:09:36','1988-05-05 09:08:10'),(8,'o\'reilly.madonna@example.net','484.647.9805x02294','1998-01-01 12:56:55','2007-05-15 03:45:16'),(9,'elisa.schimmel@example.com','701.708.7330','1996-06-21 02:15:12','2007-07-05 21:26:58'),(10,'rickey.christiansen@example.com','602-733-6178','1980-01-25 10:08:20','2001-11-15 13:20:59'),(11,'o\'keefe.francisco@example.org','989.241.0388x90709','2015-01-27 18:43:19','1995-08-19 03:43:46'),(12,'otilia.kessler@example.org','1-317-887-3418','1971-06-10 05:49:36','1976-05-12 03:51:54'),(13,'vroberts@example.net','1-660-324-0774x5577','1980-12-14 05:20:55','1999-01-08 15:23:34'),(14,'rkoepp@example.com','+39(3)8167624628','2000-10-11 07:53:07','2016-12-22 15:05:06'),(15,'abbott.janis@example.com','459.826.7197','2008-05-03 14:58:15','1972-06-25 13:06:26'),(16,'talon.zboncak@example.net','1-336-745-4054x105','2012-10-06 06:16:23','1976-09-28 03:44:02'),(17,'watsica.reta@example.org','460-498-5374x687','2006-03-14 06:54:10','1978-02-27 04:20:51'),(18,'sipes.deanna@example.net','(906)313-6661x55127','1988-07-06 14:03:05','2002-05-01 18:46:09'),(19,'alessia.sauer@example.com','1-706-426-4626x59624','2019-02-15 21:23:27','2020-08-09 23:17:43'),(20,'marcia.fisher@example.net','(929)647-1514','2001-06-10 02:10:47','2017-06-07 01:48:17'),(21,'bjohns@example.com','(801)041-1794','2000-01-19 11:09:00','2017-08-11 18:24:57'),(22,'berge.tess@example.net','(469)850-4302','2007-03-23 14:02:41','1987-08-04 03:11:07'),(23,'jerel.romaguera@example.com','367-652-4411x40591','1974-05-02 08:49:42','2006-03-11 19:22:07'),(24,'ihilll@example.net','739.356.3159x10790','1993-03-11 17:25:32','2014-09-03 16:41:35'),(25,'josiane.little@example.net','(289)400-8703x711','2019-07-17 10:54:43','1999-12-16 13:40:40'),(26,'marguerite.hilll@example.net','361-118-5217x485','2018-12-18 15:09:08','1977-04-17 17:26:55'),(27,'gerhold.lonie@example.net','+75(1)5130477433','2013-03-29 07:58:31','2009-11-23 07:15:27'),(28,'smitham.karolann@example.org','(076)352-0400','1974-08-04 01:27:31','2007-06-15 11:19:10'),(29,'nienow.nya@example.com','218-030-4401x9445','1987-10-01 09:32:43','1992-02-20 17:07:10'),(30,'virginie36@example.com','+94(9)5704433074','1994-01-11 08:40:05','1984-07-23 10:50:25'),(31,'anna.bosco@example.org','00050087485','1985-11-13 22:42:12','2016-01-18 03:02:46'),(32,'buster36@example.com','00592560201','1994-11-08 03:01:14','1993-05-24 07:11:10'),(33,'nikolas.sporer@example.org','1-393-197-4490x885','1996-12-17 12:30:45','2021-02-15 17:48:33'),(34,'lehner.ellsworth@example.net','1-607-108-7444x60354','1972-11-09 13:01:05','1985-07-18 22:08:14'),(35,'emerald.mann@example.org','(372)658-3574','2001-10-02 12:42:51','1976-03-29 14:16:19'),(36,'gbernier@example.org','216.008.7001','1992-08-27 03:28:48','1988-11-09 20:35:50'),(37,'szemlak@example.com','460-199-9712x382','1993-08-25 03:10:42','1992-09-03 09:30:39'),(38,'morgan55@example.org','076.804.1337x527','1991-04-14 21:57:07','1973-07-31 01:10:49'),(39,'corwin.tony@example.net','346-337-7286x44615','2009-11-03 09:56:31','2001-08-28 13:33:58'),(40,'aswift@example.org','09613465906','2008-03-26 10:04:43','1997-11-10 06:06:52'),(41,'vquigley@example.org','+42(9)1636387782','1979-05-16 15:57:02','2014-01-08 04:05:24'),(42,'zbaumbach@example.org','(860)743-5968','2007-04-02 18:15:30','1993-12-26 07:11:09'),(43,'zulauf.joanne@example.com','(088)520-9146x007','1992-06-01 00:25:41','1993-07-21 03:41:48'),(44,'shyann.barrows@example.net','1-183-730-1582x46486','2013-04-16 23:27:19','1990-02-21 19:20:14'),(45,'greenfelder.orrin@example.com','166.924.9647x28499','2018-01-30 09:09:38','1992-09-03 12:13:50'),(46,'dustin.weber@example.net','329-728-3652','2017-02-26 09:42:32','1986-11-17 23:32:27'),(47,'predovic.frederick@example.com','358.317.2127','1997-07-14 21:55:13','2013-09-22 15:53:56'),(48,'agustina.nolan@example.org','01043193453','1971-03-10 12:01:46','1994-09-12 13:17:29'),(49,'thilpert@example.net','(536)303-1055x51079','2016-03-10 09:29:27','2017-03-22 03:51:28'),(50,'gwendolyn.gulgowski@example.org','1-047-334-5197','1975-04-10 20:59:50','1978-09-02 09:35:20'),(51,'lcummerata@example.org','(724)328-1234','2018-02-09 05:24:49','1977-08-17 20:15:48'),(52,'aconsidine@example.org','976.460.1068','1989-07-09 19:40:44','1995-03-19 18:30:33'),(53,'jast.talon@example.net','625.739.5859','1970-11-05 02:38:27','1989-08-26 13:59:30'),(54,'vromaguera@example.net','1-987-050-7769x222','1981-08-05 13:25:46','2004-10-17 23:33:42'),(55,'connelly.gust@example.net','596.060.5406','2003-07-30 04:27:20','2015-09-26 20:55:02'),(56,'jacobson.general@example.com','+97(8)1017456532','1997-11-04 18:45:31','2009-01-22 08:05:23'),(57,'macejkovic.tamia@example.net','588.775.4950x871','2006-07-01 11:26:17','1979-07-13 17:28:30'),(58,'tvonrueden@example.com','261.772.5507x20966','2003-08-21 13:37:23','2014-02-13 04:28:22'),(59,'khoeger@example.org','09327522381','2015-07-03 22:48:22','2019-03-21 20:29:52'),(60,'van84@example.org','+98(0)9632421247','2017-11-01 06:08:10','1987-01-13 01:40:53'),(61,'robb28@example.net','429-189-2689x967','1989-07-22 08:03:53','2010-05-22 08:52:29'),(62,'vonrueden.florian@example.net','(371)788-4069x70097','2013-08-12 23:06:13','1996-10-09 10:01:29'),(63,'bailee.lebsack@example.net','1-710-497-9379','2000-07-13 05:41:33','2019-01-08 03:48:24'),(64,'nicolas.chanelle@example.com','+36(7)4369635010','1980-03-21 20:45:19','2019-07-17 18:52:44'),(65,'wade11@example.com','(356)932-7905x830','2020-08-04 11:29:25','1979-06-03 17:54:10'),(66,'schimmel.matilde@example.org','326-465-6411','2003-03-09 12:13:20','2010-04-26 12:58:44'),(67,'tnader@example.org','(065)444-9945x9909','2001-03-28 15:46:58','2020-04-30 15:01:06'),(68,'ryan.monique@example.org','700-195-1969','2019-12-26 00:05:49','1979-01-19 04:19:45'),(69,'heidenreich.edna@example.com','(290)106-7241','2015-11-17 10:19:07','1996-08-14 17:02:09'),(70,'perry.kuhic@example.org','434.275.0445','2018-01-03 15:45:57','2011-07-26 06:44:24'),(71,'susanna44@example.org','(772)431-6301x3036','1979-08-03 04:50:34','1979-11-23 22:56:17'),(72,'fjohnston@example.com','1-361-240-6240','1979-06-26 23:21:27','2005-06-06 19:03:37'),(73,'chesley.monahan@example.net','333-154-9404x09365','1992-11-22 05:31:49','1977-01-14 05:01:03'),(74,'lesch.kamryn@example.net','302.982.7800x82659','2020-12-31 13:47:05','1984-01-24 11:36:54'),(75,'cremin.nicklaus@example.com','808-697-0346x438','2012-09-29 23:35:05','1987-07-07 23:43:08'),(76,'moen.grady@example.com','279-047-2100','2017-03-22 07:54:06','1983-03-26 06:54:53'),(77,'geovanny.d\'amore@example.org','747-201-1410x2573','2016-05-15 01:22:56','2017-04-03 15:40:02'),(78,'wiza.anya@example.com','073.076.2210','1999-03-21 14:33:58','1970-04-30 00:15:13'),(79,'bkiehn@example.net','089.677.1916x568','2015-05-04 05:56:07','1970-09-11 19:16:59'),(80,'fcarter@example.com','03549002537','2018-12-18 04:54:32','2015-10-14 12:51:24'),(81,'justen.dickinson@example.com','09487166326','2012-02-06 17:27:40','1995-12-02 22:53:51'),(82,'trice@example.net','(309)940-0449','1996-04-19 20:25:49','1970-04-06 03:40:53'),(83,'okey.herzog@example.net','+72(7)7009711497','1975-02-28 07:18:28','1980-04-08 02:28:40'),(84,'afisher@example.net','749-125-6080','1983-03-14 14:49:04','1975-08-15 16:56:46'),(85,'ikoepp@example.org','1-269-306-8769','2015-08-21 13:05:22','2015-10-29 04:26:53'),(86,'demmerich@example.org','(457)160-6089x5764','2012-06-01 22:47:43','2005-10-15 05:22:31'),(87,'rogers.hilll@example.com','852.870.6535','1999-12-07 13:39:25','2004-06-02 17:24:30'),(88,'towne.kamryn@example.net','641-027-4518x1759','1978-06-09 05:29:08','1974-07-14 08:10:58'),(89,'ghamill@example.org','130.725.8743','1978-02-02 07:49:21','2019-07-22 12:25:51'),(90,'nova59@example.com','(233)853-5163x28962','1976-01-25 23:47:01','2020-08-25 16:13:12'),(91,'jaskolski.gwendolyn@example.org','517-782-2824x822','1981-07-12 13:41:26','2015-04-20 20:42:52'),(92,'noe.abshire@example.net','378.534.0088','1979-01-19 03:01:15','1994-06-28 22:59:24'),(93,'iernser@example.org','562-549-6676x02469','1997-03-16 14:11:07','2019-04-29 07:59:33'),(94,'vzieme@example.net','(829)103-6202x859','2013-05-23 03:44:52','1977-05-26 23:27:06'),(95,'mdubuque@example.net','656-494-7001x4022','2000-02-14 01:15:33','1984-12-07 14:50:55'),(96,'emelia.skiles@example.org','279.076.8866x961','1993-05-19 21:58:17','1974-10-09 21:51:06'),(97,'morissette.oliver@example.com','884.070.3842','2007-11-23 19:34:48','2007-05-29 14:14:00'),(98,'hailie.casper@example.org','1-608-577-1890','1977-08-20 11:15:14','2016-04-18 18:42:41'),(99,'doberbrunner@example.com','1-284-267-4902x84596','2017-09-04 01:41:14','1992-10-08 14:32:19'),(100,'daija40@example.com','(623)591-7845x9788','1972-07-29 15:46:31','2007-08-13 22:25:24');
/*!40000 ALTER TABLE `users` ENABLE KEYS */;
UNLOCK TABLES;
/*!40103 SET TIME_ZONE=@OLD_TIME_ZONE */;

/*!40101 SET SQL_MODE=@OLD_SQL_MODE */;
/*!40014 SET FOREIGN_KEY_CHECKS=@OLD_FOREIGN_KEY_CHECKS */;
/*!40014 SET UNIQUE_CHECKS=@OLD_UNIQUE_CHECKS */;
/*!40101 SET CHARACTER_SET_CLIENT=@OLD_CHARACTER_SET_CLIENT */;
/*!40101 SET CHARACTER_SET_RESULTS=@OLD_CHARACTER_SET_RESULTS */;
/*!40101 SET COLLATION_CONNECTION=@OLD_COLLATION_CONNECTION */;
/*!40111 SET SQL_NOTES=@OLD_SQL_NOTES */;

-- Dump completed on 2021-03-29 21:00:49
